path,label,source,subclass,split
negative_clean/elderly_people_park_bench/elderly_people_park_bench_0016_9891919_c78a9b45.png,0,negative_clean,elderly_people_park_bench,train
negative_clean/live_concert_audience_crowd/live_concert_audience_crowd_0016_952422_ec94f37d.png,0,negative_clean,live_concert_audience_crowd,train
negative_clean/hair_salon_stylist_client/hair_salon_stylist_client_0031_8834092_bb546c4d.png,0,negative_clean,hair_salon_stylist_client,train
negative_clean/friends_hiking_trail_outdoor/friends_hiking_trail_outdoor_0014_5064924_41188e27.png,0,negative_clean,friends_hiking_trail_outdoor,train
negative_clean/food_photography/food_photography_0072_31846709_72d0fe11.png,0,negative_clean,food_photography,train
negative_clean/people_portrait/people_portrait_0077_31765800_13af8901.png,0,negative_clean,people_portrait,train
negative_clean/people_working_out_gym_fitness/people_working_out_gym_fitness_0008_11183203_dc440da8.png,0,negative_clean,people_working_out_gym_fitness,train
negative_clean/city_street_view/city_street_view_0034_23938418_5d0dadef.png,0,negative_clean,city_street_view,train
negative_clean/elderly_people_park_bench/elderly_people_park_bench_0013_10339902_ed2dbd3d.png,0,negative_clean,elderly_people_park_bench,train
negative_clean/nature_landscape/nature_landscape_0018_16159994_9f45e00a.png,0,negative_clean,nature_landscape,train
negative_clean/office_interior/office_interior_0077_26966417_f65ebb14.png,0,negative_clean,office_interior,train
negative_clean/shoppers_walking_mall_interior/shoppers_walking_mall_interior_0016_9657110_b7896809.png,0,negative_clean,shoppers_walking_mall_interior,train
negative_clean/people_waiting_bus_stop/people_waiting_bus_stop_0026_34656192_2568bc0a.png,0,negative_clean,people_waiting_bus_stop,train
negative_clean/crowd_watching_sports_stadium_spectators/crowd_watching_sports_stadium_spectators_0035_31744922_a63a8067.png,0,negative_clean,crowd_watching_sports_stadium_spectators,train
negative_clean/nature_landscape/nature_landscape_0055_12865542_71264d11.png,0,negative_clean,nature_landscape,train
negative_clean/hair_salon_stylist_client/hair_salon_stylist_client_0014_3992873_b4dd835a.png,0,negative_clean,hair_salon_stylist_client,train
negative_clean/live_concert_audience_crowd/live_concert_audience_crowd_0006_36675302_fa3f06c6.png,0,negative_clean,live_concert_audience_crowd,train
negative_clean/people_commuting_subway_station/people_commuting_subway_station_0023_1047330_208c44a9.png,0,negative_clean,people_commuting_subway_station,train
negative_clean/construction_workers_site_outdoor/construction_workers_site_outdoor_0013_11293626_1e56a7f6.png,0,negative_clean,construction_workers_site_outdoor,train
negative_clean/crowd_watching_sports_stadium_spectators/crowd_watching_sports_stadium_spectators_0030_34649364_c4c33c74.png,0,negative_clean,crowd_watching_sports_stadium_spectators,train
negative_clean/people_working_out_gym_fitness/people_working_out_gym_fitness_0035_13885346_37f4b479.png,0,negative_clean,people_working_out_gym_fitness,train
negative_clean/street_photography_pedestrians_candid/street_photography_pedestrians_candid_0024_28763113_611fa880.png,0,negative_clean,street_photography_pedestrians_candid,train
negative_clean/crowd_watching_sports_stadium_spectators/crowd_watching_sports_stadium_spectators_0017_10458422_6a9ce9ee.png,0,negative_clean,crowd_watching_sports_stadium_spectators,train
negative_clean/coworking_space_interior/coworking_space_interior_0025_7651639_511d8f7b.png,0,negative_clean,coworking_space_interior,train
negative_clean/food_photography/food_photography_0052_18174664_68ac2341.png,0,negative_clean,food_photography,train
negative_clean/people_portrait/people_portrait_0049_5823558_06b5b981.png,0,negative_clean,people_portrait,train
negative_clean/nature_landscape/nature_landscape_0076_2384549_45554ee9.png,0,negative_clean,nature_landscape,train
negative_clean/city_street_view/city_street_view_0015_2093329_83f855b5.png,0,negative_clean,city_street_view,train
negative_clean/city_street_view/city_street_view_0004_30224391_b8ca1a12.png,0,negative_clean,city_street_view,train
negative_clean/modern_office_workspace/modern_office_workspace_0007_36123565_94c7b614.png,0,negative_clean,modern_office_workspace,train
negative_clean/passengers_inside_bus_train_interior/passengers_inside_bus_train_interior_0010_11758757_1f81f16b.png,0,negative_clean,passengers_inside_bus_train_interior,train
negative_clean/live_concert_audience_crowd/live_concert_audience_crowd_0028_5152573_84e3362d.png,0,negative_clean,live_concert_audience_crowd,train
negative_clean/people_commuting_subway_station/people_commuting_subway_station_0025_14806117_60a93169.png,0,negative_clean,people_commuting_subway_station,train
negative_clean/nature_landscape/nature_landscape_0075_35797356_9382ea4d.png,0,negative_clean,nature_landscape,train
negative_clean/street_photography_pedestrians_candid/street_photography_pedestrians_candid_0011_29300399_de2c3d72.png,0,negative_clean,street_photography_pedestrians_candid,train
negative_clean/nature_landscape/nature_landscape_0036_830500_5305ab4b.png,0,negative_clean,nature_landscape,train
negative_clean/people_waiting_bus_stop/people_waiting_bus_stop_0031_7448845_24e0b42d.png,0,negative_clean,people_waiting_bus_stop,train
negative_clean/coworking_space_interior/coworking_space_interior_0020_34862868_34d209a3.png,0,negative_clean,coworking_space_interior,train
negative_clean/outdoor_festival_crowd_daytime/outdoor_festival_crowd_daytime_0013_15658300_a36b5de4.png,0,negative_clean,outdoor_festival_crowd_daytime,train
negative_clean/hair_salon_stylist_client/hair_salon_stylist_client_0006_20309789_a17395b3.png,0,negative_clean,hair_salon_stylist_client,train
negative_clean/people_portrait/people_portrait_0057_27665348_644b6714.png,0,negative_clean,people_portrait,train
negative_clean/people_working_out_gym_fitness/people_working_out_gym_fitness_0018_14623748_f60b2492.png,0,negative_clean,people_working_out_gym_fitness,train
negative_clean/city_street_view/city_street_view_0057_17131936_b97849d6.png,0,negative_clean,city_street_view,train
negative_clean/crowd_watching_sports_stadium_spectators/crowd_watching_sports_stadium_spectators_0021_15362144_6da13691.png,0,negative_clean,crowd_watching_sports_stadium_spectators,train
negative_clean/people_portrait/people_portrait_0078_10510382_1b80e57e.png,0,negative_clean,people_portrait,train
negative_clean/passengers_inside_bus_train_interior/passengers_inside_bus_train_interior_0035_26845370_bd929cbf.png,0,negative_clean,passengers_inside_bus_train_interior,train
negative_clean/farmers_market_crowd_shopping/farmers_market_crowd_shopping_0001_26763476_95d06438.png,0,negative_clean,farmers_market_crowd_shopping,train
negative_clean/city_street_view/city_street_view_0059_10636515_e675e0a5.png,0,negative_clean,city_street_view,train
negative_clean/crowd_watching_sports_stadium_spectators/crowd_watching_sports_stadium_spectators_0016_26727241_714ef9f2.png,0,negative_clean,crowd_watching_sports_stadium_spectators,train
negative_clean/farmers_market_crowd_shopping/farmers_market_crowd_shopping_0013_37733062_309a3c76.png,0,negative_clean,farmers_market_crowd_shopping,train
negative_clean/food_photography/food_photography_0071_5695594_b90a0c92.png,0,negative_clean,food_photography,train
negative_clean/coworking_space_interior/coworking_space_interior_0021_5990159_8e6eea87.png,0,negative_clean,coworking_space_interior,train
negative_clean/nature_landscape/nature_landscape_0070_10641443_9b62698b.png,0,negative_clean,nature_landscape,train
negative_clean/coworking_space_interior/coworking_space_interior_0023_7688333_680585fe.png,0,negative_clean,coworking_space_interior,train
negative_clean/passengers_inside_bus_train_interior/passengers_inside_bus_train_interior_0020_37338050_5bde394e.png,0,negative_clean,passengers_inside_bus_train_interior,train
negative_clean/city_street_view/city_street_view_0013_12108306_fe3b3905.png,0,negative_clean,city_street_view,train
negative_clean/people_portrait/people_portrait_0042_22375204_dbfcc884.png,0,negative_clean,people_portrait,train
negative_clean/office_interior/office_interior_0064_32354573_3ab78076.png,0,negative_clean,office_interior,train
negative_clean/nature_landscape/nature_landscape_0025_12796326_2b645bbf.png,0,negative_clean,nature_landscape,train
negative_clean/people_portrait/people_portrait_0076_13274065_8ae30b92.png,0,negative_clean,people_portrait,train
negative_clean/people_waiting_bus_stop/people_waiting_bus_stop_0002_28377781_6ca1d516.png,0,negative_clean,people_waiting_bus_stop,train
negative_clean/food_photography/food_photography_0021_11090830_b299f6b8.png,0,negative_clean,food_photography,train
negative_clean/office_interior/office_interior_0046_19341494_ee6a58c5.png,0,negative_clean,office_interior,train
negative_clean/shoppers_walking_mall_interior/shoppers_walking_mall_interior_0030_35004495_990db58c.png,0,negative_clean,shoppers_walking_mall_interior,train
negative_clean/food_photography/food_photography_0075_4323371_423d3c21.png,0,negative_clean,food_photography,train
negative_clean/street_photography_pedestrians_candid/street_photography_pedestrians_candid_0008_34279228_6417ae6f.png,0,negative_clean,street_photography_pedestrians_candid,train
negative_clean/construction_workers_site_outdoor/construction_workers_site_outdoor_0028_8961031_ebe77b8f.png,0,negative_clean,construction_workers_site_outdoor,train
negative_clean/city_street_view/city_street_view_0044_943081_0174d2e5.png,0,negative_clean,city_street_view,train
negative_clean/food_photography/food_photography_0046_34155168_c9e24512.png,0,negative_clean,food_photography,train
negative_clean/people_portrait/people_portrait_0017_28113400_f579010a.png,0,negative_clean,people_portrait,train
negative_clean/office_interior/office_interior_0032_8297846_7e7fecd6.png,0,negative_clean,office_interior,train
negative_clean/city_street_view/city_street_view_0055_37786026_468aab13.png,0,negative_clean,city_street_view,train
negative_clean/nature_landscape/nature_landscape_0063_32492677_a6f7ef2b.png,0,negative_clean,nature_landscape,train
negative_clean/food_photography/food_photography_0016_31771054_116b7402.png,0,negative_clean,food_photography,train
negative_clean/city_street_view/city_street_view_0032_32245287_3d5f2b5f.png,0,negative_clean,city_street_view,train
negative_clean/farmers_market_crowd_shopping/farmers_market_crowd_shopping_0029_17838797_ba980bb9.png,0,negative_clean,farmers_market_crowd_shopping,train
negative_clean/food_photography/food_photography_0062_16845477_6330595b.png,0,negative_clean,food_photography,train
negative_clean/people_commuting_subway_station/people_commuting_subway_station_0016_36477205_f0ba1269.png,0,negative_clean,people_commuting_subway_station,train
negative_clean/hair_salon_stylist_client/hair_salon_stylist_client_0011_8834120_f93f03a5.png,0,negative_clean,hair_salon_stylist_client,train
negative_clean/outdoor_festival_crowd_daytime/outdoor_festival_crowd_daytime_0032_28847307_bc5ca5e2.png,0,negative_clean,outdoor_festival_crowd_daytime,train
negative_clean/crowd_watching_sports_stadium_spectators/crowd_watching_sports_stadium_spectators_0022_34649356_824dc657.png,0,negative_clean,crowd_watching_sports_stadium_spectators,train
negative_clean/food_photography/food_photography_0080_30893286_6d5c64f3.png,0,negative_clean,food_photography,train
negative_clean/people_portrait/people_portrait_0030_21938191_0d64c3e3.png,0,negative_clean,people_portrait,train
negative_clean/nature_landscape/nature_landscape_0056_34854583_3df4b1c1.png,0,negative_clean,nature_landscape,train
negative_clean/nature_landscape/nature_landscape_0029_15748161_fb5a28f8.png,0,negative_clean,nature_landscape,train
negative_clean/people_working_out_gym_fitness/people_working_out_gym_fitness_0009_6388381_770dc497.png,0,negative_clean,people_working_out_gym_fitness,train
negative_clean/shoppers_walking_mall_interior/shoppers_walking_mall_interior_0014_9666984_07d9a8f7.png,0,negative_clean,shoppers_walking_mall_interior,train
negative_clean/nature_landscape/nature_landscape_0044_31316587_50676e59.png,0,negative_clean,nature_landscape,train
negative_clean/office_interior/office_interior_0018_30375847_a02887fa.png,0,negative_clean,office_interior,train
negative_clean/chef_cooking_restaurant_kitchen/chef_cooking_restaurant_kitchen_0010_2544829_454003f9.png,0,negative_clean,chef_cooking_restaurant_kitchen,train
negative_clean/farmers_market_crowd_shopping/farmers_market_crowd_shopping_0026_95425_3fc10bb1.png,0,negative_clean,farmers_market_crowd_shopping,train
negative_clean/modern_office_workspace/modern_office_workspace_0001_1128207_df7fc262.png,0,negative_clean,modern_office_workspace,train
negative_clean/people_portrait/people_portrait_0024_17352721_8579e92f.png,0,negative_clean,people_portrait,train
negative_clean/elderly_people_park_bench/elderly_people_park_bench_0032_19460274_c884bf2b.png,0,negative_clean,elderly_people_park_bench,train
negative_clean/nature_landscape/nature_landscape_0038_9144156_46dea9a4.png,0,negative_clean,nature_landscape,train
negative_clean/nature_landscape/nature_landscape_0048_16730705_46ed294a.png,0,negative_clean,nature_landscape,train
negative_clean/city_street_view/city_street_view_0047_19547979_cd9f906d.png,0,negative_clean,city_street_view,train
negative_clean/people_waiting_bus_stop/people_waiting_bus_stop_0033_11487625_d279d983.png,0,negative_clean,people_waiting_bus_stop,train
negative_clean/food_photography/food_photography_0028_8983406_26e299fe.png,0,negative_clean,food_photography,train
negative_clean/children_playing_playground_outdoor/children_playing_playground_outdoor_0010_35128479_51825f3f.png,0,negative_clean,children_playing_playground_outdoor,train
negative_clean/children_playing_playground_outdoor/children_playing_playground_outdoor_0033_8535889_8b6be696.png,0,negative_clean,children_playing_playground_outdoor,train
negative_clean/city_street_view/city_street_view_0062_16679002_11c6f183.png,0,negative_clean,city_street_view,train
negative_clean/people_portrait/people_portrait_0002_28034532_56b04e52.png,0,negative_clean,people_portrait,train
negative_clean/people_working_out_gym_fitness/people_working_out_gym_fitness_0021_4853893_0819de37.png,0,negative_clean,people_working_out_gym_fitness,train
negative_clean/street_photography_pedestrians_candid/street_photography_pedestrians_candid_0002_18699099_aa4ff7a6.png,0,negative_clean,street_photography_pedestrians_candid,train
negative_clean/outdoor_festival_crowd_daytime/outdoor_festival_crowd_daytime_0014_32866060_10cc4f36.png,0,negative_clean,outdoor_festival_crowd_daytime,train
negative_clean/people_portrait/people_portrait_0023_31450093_4d9f0e54.png,0,negative_clean,people_portrait,train
negative_clean/city_street_view/city_street_view_0022_5187021_19753e59.png,0,negative_clean,city_street_view,train
negative_clean/food_photography/food_photography_0038_17321123_f948930e.png,0,negative_clean,food_photography,train
negative_clean/food_photography/food_photography_0017_36701449_37395092.png,0,negative_clean,food_photography,train
negative_clean/people_waiting_bus_stop/people_waiting_bus_stop_0034_32441072_47abd194.png,0,negative_clean,people_waiting_bus_stop,train
negative_clean/people_working_out_gym_fitness/people_working_out_gym_fitness_0029_4853333_42351e87.png,0,negative_clean,people_working_out_gym_fitness,train
negative_clean/chef_cooking_restaurant_kitchen/chef_cooking_restaurant_kitchen_0012_26989474_6fb0dd16.png,0,negative_clean,chef_cooking_restaurant_kitchen,train
negative_clean/farmers_market_crowd_shopping/farmers_market_crowd_shopping_0015_37175470_90d2fa75.png,0,negative_clean,farmers_market_crowd_shopping,train
negative_clean/modern_office_workspace/modern_office_workspace_0002_33263702_a53ac0b1.png,0,negative_clean,modern_office_workspace,train
negative_clean/hair_salon_stylist_client/hair_salon_stylist_client_0015_8834115_92fd07b6.png,0,negative_clean,hair_salon_stylist_client,train
negative_clean/construction_workers_site_outdoor/construction_workers_site_outdoor_0030_37636256_cfb4f74c.png,0,negative_clean,construction_workers_site_outdoor,train
negative_clean/people_portrait/people_portrait_0069_10510380_e929ad7c.png,0,negative_clean,people_portrait,train
negative_clean/office_interior/office_interior_0038_36356065_2af41df2.png,0,negative_clean,office_interior,train
negative_clean/people_waiting_bus_stop/people_waiting_bus_stop_0021_1819382_00efb3b2.png,0,negative_clean,people_waiting_bus_stop,train
negative_clean/outdoor_festival_crowd_daytime/outdoor_festival_crowd_daytime_0008_18042652_f03cab49.png,0,negative_clean,outdoor_festival_crowd_daytime,train
negative_clean/construction_workers_site_outdoor/construction_workers_site_outdoor_0033_35065037_8dc71b9c.png,0,negative_clean,construction_workers_site_outdoor,train
negative_clean/city_street_view/city_street_view_0074_19969235_1feb2507.png,0,negative_clean,city_street_view,train
negative_clean/modern_office_workspace/modern_office_workspace_0006_9300738_eebd716b.png,0,negative_clean,modern_office_workspace,train
negative_clean/construction_workers_site_outdoor/construction_workers_site_outdoor_0019_8961130_949b62ed.png,0,negative_clean,construction_workers_site_outdoor,train
negative_clean/people_portrait/people_portrait_0040_32277766_efb57cdd.png,0,negative_clean,people_portrait,train
negative_clean/shoppers_walking_mall_interior/shoppers_walking_mall_interior_0001_10410099_ab71066d.png,0,negative_clean,shoppers_walking_mall_interior,train
negative_clean/shoppers_walking_mall_interior/shoppers_walking_mall_interior_0023_2767756_0b1acc0c.png,0,negative_clean,shoppers_walking_mall_interior,train
negative_clean/chef_cooking_restaurant_kitchen/chef_cooking_restaurant_kitchen_0022_3298637_4af4ecce.png,0,negative_clean,chef_cooking_restaurant_kitchen,train
negative_clean/children_playing_playground_outdoor/children_playing_playground_outdoor_0014_34889832_e8e88dec.png,0,negative_clean,children_playing_playground_outdoor,train
negative_clean/farmers_market_crowd_shopping/farmers_market_crowd_shopping_0014_10163049_e111bfcc.png,0,negative_clean,farmers_market_crowd_shopping,train
negative_clean/city_street_view/city_street_view_0038_33261395_1d847bbc.png,0,negative_clean,city_street_view,train
negative_clean/city_street_view/city_street_view_0078_11531605_94a1b257.png,0,negative_clean,city_street_view,train
negative_clean/passengers_inside_bus_train_interior/passengers_inside_bus_train_interior_0025_11759163_49e52838.png,0,negative_clean,passengers_inside_bus_train_interior,train
negative_clean/chef_cooking_restaurant_kitchen/chef_cooking_restaurant_kitchen_0017_4253309_2f37c166.png,0,negative_clean,chef_cooking_restaurant_kitchen,train
negative_clean/passengers_inside_bus_train_interior/passengers_inside_bus_train_interior_0004_10521061_f731314e.png,0,negative_clean,passengers_inside_bus_train_interior,train
negative_clean/shoppers_walking_mall_interior/shoppers_walking_mall_interior_0012_19342174_3fca4e3e.png,0,negative_clean,shoppers_walking_mall_interior,train
negative_clean/passengers_inside_bus_train_interior/passengers_inside_bus_train_interior_0030_6699509_a5a47551.png,0,negative_clean,passengers_inside_bus_train_interior,train
negative_clean/children_playing_playground_outdoor/children_playing_playground_outdoor_0012_35136501_740e24d0.png,0,negative_clean,children_playing_playground_outdoor,train
negative_clean/people_portrait/people_portrait_0054_8388507_0bcd62b2.png,0,negative_clean,people_portrait,train
negative_clean/street_photography_pedestrians_candid/street_photography_pedestrians_candid_0006_30847553_a70d48b4.png,0,negative_clean,street_photography_pedestrians_candid,train
negative_clean/people_working_out_gym_fitness/people_working_out_gym_fitness_0019_6388367_e511aa1e.png,0,negative_clean,people_working_out_gym_fitness,train
negative_clean/city_street_view/city_street_view_0041_34628889_ff91ce19.png,0,negative_clean,city_street_view,train
negative_clean/nature_landscape/nature_landscape_0074_15984092_f61ec683.png,0,negative_clean,nature_landscape,train
negative_clean/nature_landscape/nature_landscape_0035_33249096_ef1fa017.png,0,negative_clean,nature_landscape,train
negative_clean/coworking_space_interior/coworking_space_interior_0004_7688089_31d87d93.png,0,negative_clean,coworking_space_interior,train
negative_clean/people_commuting_subway_station/people_commuting_subway_station_0010_34949863_c30658ee.png,0,negative_clean,people_commuting_subway_station,train
negative_clean/hair_salon_stylist_client/hair_salon_stylist_client_0028_8834079_52019694.png,0,negative_clean,hair_salon_stylist_client,train
negative_clean/city_street_view/city_street_view_0028_14284899_23c2dfd8.png,0,negative_clean,city_street_view,train
negative_clean/friends_hiking_trail_outdoor/friends_hiking_trail_outdoor_0022_9630183_038793cb.png,0,negative_clean,friends_hiking_trail_outdoor,train
negative_clean/nature_landscape/nature_landscape_0011_749129_e99c3208.png,0,negative_clean,nature_landscape,train
negative_clean/children_playing_playground_outdoor/children_playing_playground_outdoor_0013_10044860_b0e18a55.png,0,negative_clean,children_playing_playground_outdoor,train
negative_clean/people_commuting_subway_station/people_commuting_subway_station_0026_442600_b87ea8d2.png,0,negative_clean,people_commuting_subway_station,train
negative_clean/farmers_market_crowd_shopping/farmers_market_crowd_shopping_0011_10172502_d95659e5.png,0,negative_clean,farmers_market_crowd_shopping,train
negative_clean/people_commuting_subway_station/people_commuting_subway_station_0007_3793861_f415cece.png,0,negative_clean,people_commuting_subway_station,train
negative_clean/passengers_inside_bus_train_interior/passengers_inside_bus_train_interior_0029_11998040_f3a4568c.png,0,negative_clean,passengers_inside_bus_train_interior,train
negative_clean/city_street_view/city_street_view_0037_18941883_13403c9a.png,0,negative_clean,city_street_view,train
negative_clean/construction_workers_site_outdoor/construction_workers_site_outdoor_0008_8961552_949300ac.png,0,negative_clean,construction_workers_site_outdoor,train
negative_clean/office_interior/office_interior_0052_5444195_1438a342.png,0,negative_clean,office_interior,train
negative_clean/food_photography/food_photography_0079_22711426_fb5b47be.png,0,negative_clean,food_photography,train
negative_clean/passengers_inside_bus_train_interior/passengers_inside_bus_train_interior_0034_205353_d48fbda4.png,0,negative_clean,passengers_inside_bus_train_interior,train
negative_clean/city_street_view/city_street_view_0042_33698192_3ba0763e.png,0,negative_clean,city_street_view,train
negative_clean/people_waiting_bus_stop/people_waiting_bus_stop_0020_37546784_4851b404.png,0,negative_clean,people_waiting_bus_stop,train
negative_clean/city_street_view/city_street_view_0048_11684939_11a27073.png,0,negative_clean,city_street_view,train
negative_clean/food_photography/food_photography_0023_7363823_dc0b551f.png,0,negative_clean,food_photography,train
negative_clean/office_interior/office_interior_0040_18022171_59ba7a53.png,0,negative_clean,office_interior,train
negative_clean/live_concert_audience_crowd/live_concert_audience_crowd_0023_32399568_1ce4ce2f.png,0,negative_clean,live_concert_audience_crowd,train
negative_clean/street_photography_pedestrians_candid/street_photography_pedestrians_candid_0009_16118339_8751cd6b.png,0,negative_clean,street_photography_pedestrians_candid,train
negative_clean/construction_workers_site_outdoor/construction_workers_site_outdoor_0027_37121352_ded64517.png,0,negative_clean,construction_workers_site_outdoor,train
negative_clean/farmers_market_crowd_shopping/farmers_market_crowd_shopping_0018_36840991_15174e7c.png,0,negative_clean,farmers_market_crowd_shopping,train
negative_clean/office_interior/office_interior_0016_7658310_2d45a97f.png,0,negative_clean,office_interior,train
negative_clean/city_street_view/city_street_view_0018_26221461_927a48a0.png,0,negative_clean,city_street_view,train
negative_clean/elderly_people_park_bench/elderly_people_park_bench_0023_9635387_3021bd4e.png,0,negative_clean,elderly_people_park_bench,train
negative_clean/people_portrait/people_portrait_0055_27830893_f0fed6c6.png,0,negative_clean,people_portrait,train
negative_clean/shoppers_walking_mall_interior/shoppers_walking_mall_interior_0006_16218522_718dd295.png,0,negative_clean,shoppers_walking_mall_interior,train
negative_clean/city_street_view/city_street_view_0040_10730267_cb1e1fa9.png,0,negative_clean,city_street_view,train
negative_clean/outdoor_festival_crowd_daytime/outdoor_festival_crowd_daytime_0001_2342409_0d5efbe9.png,0,negative_clean,outdoor_festival_crowd_daytime,train
negative_clean/friends_hiking_trail_outdoor/friends_hiking_trail_outdoor_0023_7348742_e991575d.png,0,negative_clean,friends_hiking_trail_outdoor,train
negative_clean/food_photography/food_photography_0040_17321112_37afeebf.png,0,negative_clean,food_photography,train
negative_clean/friends_hiking_trail_outdoor/friends_hiking_trail_outdoor_0031_5064671_cc0dbe87.png,0,negative_clean,friends_hiking_trail_outdoor,train
negative_clean/street_photography_pedestrians_candid/street_photography_pedestrians_candid_0020_34232403_1953607b.png,0,negative_clean,street_photography_pedestrians_candid,train
negative_clean/farmers_market_crowd_shopping/farmers_market_crowd_shopping_0033_35462353_0bf23c0f.png,0,negative_clean,farmers_market_crowd_shopping,train
negative_clean/chef_cooking_restaurant_kitchen/chef_cooking_restaurant_kitchen_0031_15671373_f962bfe4.png,0,negative_clean,chef_cooking_restaurant_kitchen,train
negative_clean/people_commuting_subway_station/people_commuting_subway_station_0015_18250155_5083eb03.png,0,negative_clean,people_commuting_subway_station,train
negative_clean/construction_workers_site_outdoor/construction_workers_site_outdoor_0026_8961154_572c8f5c.png,0,negative_clean,construction_workers_site_outdoor,train
negative_clean/people_portrait/people_portrait_0047_16562237_9a901501.png,0,negative_clean,people_portrait,train
negative_clean/city_street_view/city_street_view_0067_5122675_3c03ec15.png,0,negative_clean,city_street_view,train
negative_clean/chef_cooking_restaurant_kitchen/chef_cooking_restaurant_kitchen_0034_36430149_66c2ff15.png,0,negative_clean,chef_cooking_restaurant_kitchen,train
negative_clean/nature_landscape/nature_landscape_0030_12727424_6150cfe9.png,0,negative_clean,nature_landscape,train
negative_clean/people_waiting_bus_stop/people_waiting_bus_stop_0028_20215267_945a6bd1.png,0,negative_clean,people_waiting_bus_stop,train
negative_clean/farmers_market_crowd_shopping/farmers_market_crowd_shopping_0027_796585_4f86fd5f.png,0,negative_clean,farmers_market_crowd_shopping,train
negative_clean/coworking_space_interior/coworking_space_interior_0022_5324889_9ae4dcd2.png,0,negative_clean,coworking_space_interior,train
negative_clean/nature_landscape/nature_landscape_0079_5643619_4cf86c50.png,0,negative_clean,nature_landscape,train
negative_clean/crowd_watching_sports_stadium_spectators/crowd_watching_sports_stadium_spectators_0011_15362139_fd16f084.png,0,negative_clean,crowd_watching_sports_stadium_spectators,train
negative_clean/hair_salon_stylist_client/hair_salon_stylist_client_0001_3992875_e073c182.png,0,negative_clean,hair_salon_stylist_client,train
negative_clean/friends_hiking_trail_outdoor/friends_hiking_trail_outdoor_0012_36729412_adba6e84.png,0,negative_clean,friends_hiking_trail_outdoor,train
negative_clean/outdoor_festival_crowd_daytime/outdoor_festival_crowd_daytime_0029_30494365_a76dc869.png,0,negative_clean,outdoor_festival_crowd_daytime,train
negative_clean/city_street_view/city_street_view_0060_19750971_57072247.png,0,negative_clean,city_street_view,train
negative_clean/elderly_people_park_bench/elderly_people_park_bench_0006_35693805_b1bd4450.png,0,negative_clean,elderly_people_park_bench,train
negative_clean/people_portrait/people_portrait_0006_5317939_596069ca.png,0,negative_clean,people_portrait,train
negative_clean/chef_cooking_restaurant_kitchen/chef_cooking_restaurant_kitchen_0007_4253130_8d781267.png,0,negative_clean,chef_cooking_restaurant_kitchen,train
negative_clean/hair_salon_stylist_client/hair_salon_stylist_client_0026_8834078_e1ff412a.png,0,negative_clean,hair_salon_stylist_client,train
negative_clean/chef_cooking_restaurant_kitchen/chef_cooking_restaurant_kitchen_0028_4253296_89994493.png,0,negative_clean,chef_cooking_restaurant_kitchen,train
negative_clean/live_concert_audience_crowd/live_concert_audience_crowd_0020_21790478_3d514664.png,0,negative_clean,live_concert_audience_crowd,train
negative_clean/people_waiting_bus_stop/people_waiting_bus_stop_0024_17859086_87096480.png,0,negative_clean,people_waiting_bus_stop,train
negative_clean/street_photography_pedestrians_candid/street_photography_pedestrians_candid_0004_14052993_38e49eb0.png,0,negative_clean,street_photography_pedestrians_candid,train
negative_clean/elderly_people_park_bench/elderly_people_park_bench_0018_15155844_18676ed0.png,0,negative_clean,elderly_people_park_bench,train
negative_clean/office_interior/office_interior_0047_12662883_dfa8e16c.png,0,negative_clean,office_interior,train
negative_clean/chef_cooking_restaurant_kitchen/chef_cooking_restaurant_kitchen_0005_17086289_7c78be0d.png,0,negative_clean,chef_cooking_restaurant_kitchen,train
negative_clean/street_photography_pedestrians_candid/street_photography_pedestrians_candid_0010_26775443_f31b093e.png,0,negative_clean,street_photography_pedestrians_candid,train
negative_clean/people_portrait/people_portrait_0063_19700848_1df129c5.png,0,negative_clean,people_portrait,train
negative_clean/people_waiting_bus_stop/people_waiting_bus_stop_0017_12863249_2f109056.png,0,negative_clean,people_waiting_bus_stop,train
negative_clean/people_portrait/people_portrait_0036_19637840_f89b3f70.png,0,negative_clean,people_portrait,train
negative_clean/city_street_view/city_street_view_0065_20143833_7110b51b.png,0,negative_clean,city_street_view,train
negative_clean/children_playing_playground_outdoor/children_playing_playground_outdoor_0034_29264493_a8d01203.png,0,negative_clean,children_playing_playground_outdoor,train
negative_clean/people_portrait/people_portrait_0066_19186830_47ab7b40.png,0,negative_clean,people_portrait,train
negative_clean/people_portrait/people_portrait_0029_19561575_428913a7.png,0,negative_clean,people_portrait,train
negative_clean/people_commuting_subway_station/people_commuting_subway_station_0033_6589186_b781365b.png,0,negative_clean,people_commuting_subway_station,train
negative_clean/farmers_market_crowd_shopping/farmers_market_crowd_shopping_0028_12969053_70e706f2.png,0,negative_clean,farmers_market_crowd_shopping,train
negative_clean/construction_workers_site_outdoor/construction_workers_site_outdoor_0025_18110372_53bed067.png,0,negative_clean,construction_workers_site_outdoor,train
negative_clean/farmers_market_crowd_shopping/farmers_market_crowd_shopping_0034_17309031_14ce7bc2.png,0,negative_clean,farmers_market_crowd_shopping,train
negative_clean/people_portrait/people_portrait_0016_28118623_fc52f1b2.png,0,negative_clean,people_portrait,train
negative_clean/city_street_view/city_street_view_0076_9800484_12741bbd.png,0,negative_clean,city_street_view,train
negative_clean/chef_cooking_restaurant_kitchen/chef_cooking_restaurant_kitchen_0019_2977515_aafbb4df.png,0,negative_clean,chef_cooking_restaurant_kitchen,train
negative_clean/city_street_view/city_street_view_0071_19553164_59efb727.png,0,negative_clean,city_street_view,train
negative_clean/chef_cooking_restaurant_kitchen/chef_cooking_restaurant_kitchen_0009_4253301_7399284a.png,0,negative_clean,chef_cooking_restaurant_kitchen,train
negative_clean/people_portrait/people_portrait_0010_37666081_8fa6ae65.png,0,negative_clean,people_portrait,train
negative_clean/office_interior/office_interior_0071_12526862_be74d4c1.png,0,negative_clean,office_interior,train
negative_clean/children_playing_playground_outdoor/children_playing_playground_outdoor_0024_35107664_bb69ea18.png,0,negative_clean,children_playing_playground_outdoor,train
negative_clean/live_concert_audience_crowd/live_concert_audience_crowd_0001_26447525_c66d7ac4.png,0,negative_clean,live_concert_audience_crowd,train
negative_clean/chef_cooking_restaurant_kitchen/chef_cooking_restaurant_kitchen_0008_12821628_4e1f78c6.png,0,negative_clean,chef_cooking_restaurant_kitchen,train
negative_clean/children_playing_playground_outdoor/children_playing_playground_outdoor_0016_35107666_28343583.png,0,negative_clean,children_playing_playground_outdoor,train
negative_clean/coworking_space_interior/coworking_space_interior_0015_6446320_71026cd2.png,0,negative_clean,coworking_space_interior,train
negative_clean/people_portrait/people_portrait_0009_20406563_35da4404.png,0,negative_clean,people_portrait,train
negative_clean/people_commuting_subway_station/people_commuting_subway_station_0029_18209820_f01541f2.png,0,negative_clean,people_commuting_subway_station,train
negative_clean/people_waiting_bus_stop/people_waiting_bus_stop_0012_19582963_5b1e4a7f.png,0,negative_clean,people_waiting_bus_stop,train
negative_clean/people_waiting_bus_stop/people_waiting_bus_stop_0035_17976221_ada87a97.png,0,negative_clean,people_waiting_bus_stop,train
negative_clean/children_playing_playground_outdoor/children_playing_playground_outdoor_0023_5704232_0d09bf8e.png,0,negative_clean,children_playing_playground_outdoor,train
negative_clean/passengers_inside_bus_train_interior/passengers_inside_bus_train_interior_0027_11871762_9e1b51a7.png,0,negative_clean,passengers_inside_bus_train_interior,train
negative_clean/people_portrait/people_portrait_0033_27357874_7b7c6ac2.png,0,negative_clean,people_portrait,train
negative_clean/street_photography_pedestrians_candid/street_photography_pedestrians_candid_0021_34791245_eb46e146.png,0,negative_clean,street_photography_pedestrians_candid,train
negative_clean/friends_hiking_trail_outdoor/friends_hiking_trail_outdoor_0029_5064918_9e3db100.png,0,negative_clean,friends_hiking_trail_outdoor,train
negative_clean/shoppers_walking_mall_interior/shoppers_walking_mall_interior_0003_33762983_4a35937f.png,0,negative_clean,shoppers_walking_mall_interior,train
negative_clean/nature_landscape/nature_landscape_0004_9310809_f0e2ae9e.png,0,negative_clean,nature_landscape,train
negative_clean/people_portrait/people_portrait_0026_18383046_0fa97a98.png,0,negative_clean,people_portrait,train
negative_clean/food_photography/food_photography_0027_15979360_779173f8.png,0,negative_clean,food_photography,train
negative_clean/people_portrait/people_portrait_0044_19130704_eb9b3677.png,0,negative_clean,people_portrait,train
negative_clean/construction_workers_site_outdoor/construction_workers_site_outdoor_0006_14989326_778673ed.png,0,negative_clean,construction_workers_site_outdoor,train
negative_clean/office_interior/office_interior_0063_6044806_0a6aa5fb.png,0,negative_clean,office_interior,train
negative_clean/street_photography_pedestrians_candid/street_photography_pedestrians_candid_0028_30379984_0ac97a75.png,0,negative_clean,street_photography_pedestrians_candid,train
negative_clean/people_portrait/people_portrait_0034_35515825_caa9cb9a.png,0,negative_clean,people_portrait,train
negative_clean/city_street_view/city_street_view_0002_15057456_a05c29f1.png,0,negative_clean,city_street_view,train
negative_clean/hair_salon_stylist_client/hair_salon_stylist_client_0030_8834076_262ab1fc.png,0,negative_clean,hair_salon_stylist_client,train
negative_clean/hair_salon_stylist_client/hair_salon_stylist_client_0008_8834046_117db46d.png,0,negative_clean,hair_salon_stylist_client,train
negative_clean/live_concert_audience_crowd/live_concert_audience_crowd_0021_6782332_bed05e65.png,0,negative_clean,live_concert_audience_crowd,train
negative_clean/shoppers_walking_mall_interior/shoppers_walking_mall_interior_0024_37793337_474d7d91.png,0,negative_clean,shoppers_walking_mall_interior,train
negative_clean/passengers_inside_bus_train_interior/passengers_inside_bus_train_interior_0008_7252086_2b34435a.png,0,negative_clean,passengers_inside_bus_train_interior,train
negative_clean/elderly_people_park_bench/elderly_people_park_bench_0019_37225453_db126d98.png,0,negative_clean,elderly_people_park_bench,train
negative_clean/people_portrait/people_portrait_0012_32721706_21501162.png,0,negative_clean,people_portrait,train
negative_clean/passengers_inside_bus_train_interior/passengers_inside_bus_train_interior_0005_15838621_d6949917.png,0,negative_clean,passengers_inside_bus_train_interior,train
negative_clean/hair_salon_stylist_client/hair_salon_stylist_client_0035_3992865_e98edfbc.png,0,negative_clean,hair_salon_stylist_client,train
negative_clean/hair_salon_stylist_client/hair_salon_stylist_client_0019_8834099_703f0b46.png,0,negative_clean,hair_salon_stylist_client,train
negative_clean/elderly_people_park_bench/elderly_people_park_bench_0020_14822392_5b855919.png,0,negative_clean,elderly_people_park_bench,train
negative_clean/city_street_view/city_street_view_0024_14167976_6c43a12d.png,0,negative_clean,city_street_view,train
negative_clean/people_waiting_bus_stop/people_waiting_bus_stop_0014_20231928_3fa1bd49.png,0,negative_clean,people_waiting_bus_stop,train
negative_clean/office_interior/office_interior_0020_7534173_24fcbe81.png,0,negative_clean,office_interior,train
negative_clean/crowd_watching_sports_stadium_spectators/crowd_watching_sports_stadium_spectators_0009_12153282_358bd394.png,0,negative_clean,crowd_watching_sports_stadium_spectators,train
negative_clean/city_street_view/city_street_view_0061_13621014_2ea09166.png,0,negative_clean,city_street_view,train
negative_clean/coworking_space_interior/coworking_space_interior_0024_7070_ec6fb070.png,0,negative_clean,coworking_space_interior,train
negative_clean/city_street_view/city_street_view_0079_29117199_d522a0e8.png,0,negative_clean,city_street_view,train
negative_clean/people_portrait/people_portrait_0032_35265525_67aef48e.png,0,negative_clean,people_portrait,train
negative_clean/construction_workers_site_outdoor/construction_workers_site_outdoor_0032_8961003_ed61a739.png,0,negative_clean,construction_workers_site_outdoor,train
negative_clean/city_street_view/city_street_view_0069_5416525_55375216.png,0,negative_clean,city_street_view,train
negative_clean/hair_salon_stylist_client/hair_salon_stylist_client_0025_8834085_f8ecf188.png,0,negative_clean,hair_salon_stylist_client,train
negative_clean/office_interior/office_interior_0030_36713445_85642ef5.png,0,negative_clean,office_interior,train
negative_clean/outdoor_festival_crowd_daytime/outdoor_festival_crowd_daytime_0011_1537637_118d86b6.png,0,negative_clean,outdoor_festival_crowd_daytime,train
negative_clean/office_interior/office_interior_0042_6044836_f6b8fe9d.png,0,negative_clean,office_interior,train
negative_clean/live_concert_audience_crowd/live_concert_audience_crowd_0014_5572156_06067f3f.png,0,negative_clean,live_concert_audience_crowd,train
negative_clean/office_interior/office_interior_0044_10922370_ae7a1e5a.png,0,negative_clean,office_interior,train
negative_clean/chef_cooking_restaurant_kitchen/chef_cooking_restaurant_kitchen_0023_8629106_e2cd8f31.png,0,negative_clean,chef_cooking_restaurant_kitchen,train
negative_clean/food_photography/food_photography_0068_29875210_f73c766f.png,0,negative_clean,food_photography,train
negative_clean/food_photography/food_photography_0041_8669850_551b6f0c.png,0,negative_clean,food_photography,train
negative_clean/coworking_space_interior/coworking_space_interior_0008_7071_d4d8bd87.png,0,negative_clean,coworking_space_interior,train
negative_clean/children_playing_playground_outdoor/children_playing_playground_outdoor_0020_17288408_db879fce.png,0,negative_clean,children_playing_playground_outdoor,train
negative_clean/friends_hiking_trail_outdoor/friends_hiking_trail_outdoor_0019_5064659_bb733862.png,0,negative_clean,friends_hiking_trail_outdoor,train
negative_clean/elderly_people_park_bench/elderly_people_park_bench_0021_10499610_8ea04ac8.png,0,negative_clean,elderly_people_park_bench,train
negative_clean/crowd_watching_sports_stadium_spectators/crowd_watching_sports_stadium_spectators_0004_34649361_9d5307fd.png,0,negative_clean,crowd_watching_sports_stadium_spectators,train
negative_clean/office_interior/office_interior_0026_6446313_5a5663ed.png,0,negative_clean,office_interior,train
negative_clean/outdoor_festival_crowd_daytime/outdoor_festival_crowd_daytime_0003_12657546_8f0182d0.png,0,negative_clean,outdoor_festival_crowd_daytime,train
negative_clean/nature_landscape/nature_landscape_0050_14522408_4bfeb13a.png,0,negative_clean,nature_landscape,train
negative_clean/shoppers_walking_mall_interior/shoppers_walking_mall_interior_0007_374894_6d13c6e4.png,0,negative_clean,shoppers_walking_mall_interior,train
negative_clean/office_interior/office_interior_0015_7511754_f0fbb808.png,0,negative_clean,office_interior,train
negative_clean/office_interior/office_interior_0005_22711217_cbf7fdf6.png,0,negative_clean,office_interior,train
negative_clean/farmers_market_crowd_shopping/farmers_market_crowd_shopping_0009_19943616_395d7273.png,0,negative_clean,farmers_market_crowd_shopping,train
negative_clean/people_portrait/people_portrait_0008_28050782_869dd401.png,0,negative_clean,people_portrait,train
negative_clean/shoppers_walking_mall_interior/shoppers_walking_mall_interior_0020_36685040_7897d392.png,0,negative_clean,shoppers_walking_mall_interior,train
negative_clean/passengers_inside_bus_train_interior/passengers_inside_bus_train_interior_0031_12110343_243e215b.png,0,negative_clean,passengers_inside_bus_train_interior,train
negative_clean/friends_hiking_trail_outdoor/friends_hiking_trail_outdoor_0008_7624985_fefa6e26.png,0,negative_clean,friends_hiking_trail_outdoor,train
negative_clean/people_portrait/people_portrait_0050_17450828_ad81a328.png,0,negative_clean,people_portrait,train
negative_clean/chef_cooking_restaurant_kitchen/chef_cooking_restaurant_kitchen_0003_2977514_792a0b4b.png,0,negative_clean,chef_cooking_restaurant_kitchen,train
negative_clean/office_interior/office_interior_0010_7653461_ee4304af.png,0,negative_clean,office_interior,train
negative_clean/office_interior/office_interior_0070_14963655_7f385ae4.png,0,negative_clean,office_interior,train
negative_clean/nature_landscape/nature_landscape_0053_2425781_04451dca.png,0,negative_clean,nature_landscape,train
negative_clean/office_interior/office_interior_0004_7750129_40236bb8.png,0,negative_clean,office_interior,train
negative_clean/people_waiting_bus_stop/people_waiting_bus_stop_0011_28459657_8d132e27.png,0,negative_clean,people_waiting_bus_stop,train
negative_clean/children_playing_playground_outdoor/children_playing_playground_outdoor_0001_8926842_457199d4.png,0,negative_clean,children_playing_playground_outdoor,train
negative_clean/outdoor_festival_crowd_daytime/outdoor_festival_crowd_daytime_0028_32007962_1627bc4f.png,0,negative_clean,outdoor_festival_crowd_daytime,train
negative_clean/food_photography/food_photography_0048_1988624_53eedc2f.png,0,negative_clean,food_photography,train
negative_clean/nature_landscape/nature_landscape_0061_18822376_e6d57b92.png,0,negative_clean,nature_landscape,train
negative_clean/nature_landscape/nature_landscape_0005_33162373_b346325a.png,0,negative_clean,nature_landscape,train
negative_clean/food_photography/food_photography_0042_24289211_7dd0b816.png,0,negative_clean,food_photography,train
negative_clean/food_photography/food_photography_0078_31860138_0ca0f8f8.png,0,negative_clean,food_photography,train
negative_clean/elderly_people_park_bench/elderly_people_park_bench_0031_37880714_865b4016.png,0,negative_clean,elderly_people_park_bench,train
negative_clean/people_portrait/people_portrait_0031_20270987_a7ffe2fa.png,0,negative_clean,people_portrait,train
negative_clean/people_waiting_bus_stop/people_waiting_bus_stop_0010_19443791_d22bcd21.png,0,negative_clean,people_waiting_bus_stop,train
negative_clean/office_interior/office_interior_0025_6804612_d6e6f04d.png,0,negative_clean,office_interior,train
negative_clean/construction_workers_site_outdoor/construction_workers_site_outdoor_0022_8961624_9634dd66.png,0,negative_clean,construction_workers_site_outdoor,train
negative_clean/outdoor_festival_crowd_daytime/outdoor_festival_crowd_daytime_0025_17552513_37804c19.png,0,negative_clean,outdoor_festival_crowd_daytime,train
negative_clean/nature_landscape/nature_landscape_0003_954363_ac9e2bd4.png,0,negative_clean,nature_landscape,train
negative_clean/street_photography_pedestrians_candid/street_photography_pedestrians_candid_0001_19443797_b3c1e48a.png,0,negative_clean,street_photography_pedestrians_candid,train
negative_clean/food_photography/food_photography_0012_6895900_127ce561.png,0,negative_clean,food_photography,train
negative_clean/friends_hiking_trail_outdoor/friends_hiking_trail_outdoor_0018_12783847_4fba94f3.png,0,negative_clean,friends_hiking_trail_outdoor,train
negative_clean/food_photography/food_photography_0005_36989884_10926bc0.png,0,negative_clean,food_photography,train
negative_clean/elderly_people_park_bench/elderly_people_park_bench_0003_34223173_0dcf152b.png,0,negative_clean,elderly_people_park_bench,train
negative_clean/people_portrait/people_portrait_0005_20203718_fd7925b8.png,0,negative_clean,people_portrait,train
negative_clean/city_street_view/city_street_view_0072_2408219_dfe17fc9.png,0,negative_clean,city_street_view,train
negative_clean/city_street_view/city_street_view_0063_18313670_17b55bc0.png,0,negative_clean,city_street_view,train
negative_clean/nature_landscape/nature_landscape_0022_20439106_c8ad7a10.png,0,negative_clean,nature_landscape,train
negative_clean/coworking_space_interior/coworking_space_interior_0014_7688074_885f7b18.png,0,negative_clean,coworking_space_interior,train
negative_clean/crowd_watching_sports_stadium_spectators/crowd_watching_sports_stadium_spectators_0020_7151514_4f9ec8e7.png,0,negative_clean,crowd_watching_sports_stadium_spectators,train
negative_clean/chef_cooking_restaurant_kitchen/chef_cooking_restaurant_kitchen_0024_37329601_c715df94.png,0,negative_clean,chef_cooking_restaurant_kitchen,train
negative_clean/people_working_out_gym_fitness/people_working_out_gym_fitness_0017_14623738_52674192.png,0,negative_clean,people_working_out_gym_fitness,train
negative_clean/crowd_watching_sports_stadium_spectators/crowd_watching_sports_stadium_spectators_0018_30132698_56b030dd.png,0,negative_clean,crowd_watching_sports_stadium_spectators,train
negative_clean/office_interior/office_interior_0067_9574454_b40fd4d0.png,0,negative_clean,office_interior,train
negative_clean/outdoor_festival_crowd_daytime/outdoor_festival_crowd_daytime_0035_32802231_e308d1dc.png,0,negative_clean,outdoor_festival_crowd_daytime,train
negative_clean/friends_hiking_trail_outdoor/friends_hiking_trail_outdoor_0032_8974326_ac6c0609.png,0,negative_clean,friends_hiking_trail_outdoor,train
negative_clean/city_street_view/city_street_view_0070_3036687_397e37e2.png,0,negative_clean,city_street_view,train
negative_clean/people_working_out_gym_fitness/people_working_out_gym_fitness_0031_6740307_bf7d669a.png,0,negative_clean,people_working_out_gym_fitness,train
negative_clean/people_portrait/people_portrait_0061_26733184_601ff832.png,0,negative_clean,people_portrait,train
negative_clean/live_concert_audience_crowd/live_concert_audience_crowd_0026_167605_d808f654.png,0,negative_clean,live_concert_audience_crowd,train
negative_clean/nature_landscape/nature_landscape_0024_9962722_336279d0.png,0,negative_clean,nature_landscape,train
negative_clean/nature_landscape/nature_landscape_0009_6640401_2967a634.png,0,negative_clean,nature_landscape,train
negative_clean/city_street_view/city_street_view_0014_16981053_fe09ca05.png,0,negative_clean,city_street_view,train
negative_clean/city_street_view/city_street_view_0021_16372178_f549e689.png,0,negative_clean,city_street_view,train
negative_clean/children_playing_playground_outdoor/children_playing_playground_outdoor_0004_16850890_f2590051.png,0,negative_clean,children_playing_playground_outdoor,train
negative_clean/farmers_market_crowd_shopping/farmers_market_crowd_shopping_0032_12956002_1a7b4546.png,0,negative_clean,farmers_market_crowd_shopping,train
negative_clean/nature_landscape/nature_landscape_0046_35512400_dee6c38c.png,0,negative_clean,nature_landscape,train
negative_clean/city_street_view/city_street_view_0058_3859774_fa2812de.png,0,negative_clean,city_street_view,train
negative_clean/passengers_inside_bus_train_interior/passengers_inside_bus_train_interior_0009_35622026_f9ee3963.png,0,negative_clean,passengers_inside_bus_train_interior,train
negative_clean/nature_landscape/nature_landscape_0012_14414034_f34af79d.png,0,negative_clean,nature_landscape,train
negative_clean/friends_hiking_trail_outdoor/friends_hiking_trail_outdoor_0020_36713481_e9061f2b.png,0,negative_clean,friends_hiking_trail_outdoor,train
negative_clean/passengers_inside_bus_train_interior/passengers_inside_bus_train_interior_0006_17624034_af2cdb6e.png,0,negative_clean,passengers_inside_bus_train_interior,train
negative_clean/people_portrait/people_portrait_0070_9720624_11641941.png,0,negative_clean,people_portrait,train
negative_clean/people_portrait/people_portrait_0052_18442508_094341f1.png,0,negative_clean,people_portrait,train
negative_clean/crowd_watching_sports_stadium_spectators/crowd_watching_sports_stadium_spectators_0007_13069970_22e0bc87.png,0,negative_clean,crowd_watching_sports_stadium_spectators,train
negative_clean/crowd_watching_sports_stadium_spectators/crowd_watching_sports_stadium_spectators_0019_34649306_809cf53c.png,0,negative_clean,crowd_watching_sports_stadium_spectators,train
negative_clean/people_waiting_bus_stop/people_waiting_bus_stop_0025_19094729_2d09cdf7.png,0,negative_clean,people_waiting_bus_stop,train
negative_clean/food_photography/food_photography_0037_32825910_27e6981c.png,0,negative_clean,food_photography,train
negative_clean/people_working_out_gym_fitness/people_working_out_gym_fitness_0020_13211514_4462d2a1.png,0,negative_clean,people_working_out_gym_fitness,train
negative_clean/hair_salon_stylist_client/hair_salon_stylist_client_0033_3993445_ebf23ae4.png,0,negative_clean,hair_salon_stylist_client,train
negative_clean/people_portrait/people_portrait_0011_11438718_abc37497.png,0,negative_clean,people_portrait,train
negative_clean/elderly_people_park_bench/elderly_people_park_bench_0015_15978238_24343b47.png,0,negative_clean,elderly_people_park_bench,train
negative_clean/elderly_people_park_bench/elderly_people_park_bench_0008_30149137_413aa467.png,0,negative_clean,elderly_people_park_bench,train
negative_clean/people_working_out_gym_fitness/people_working_out_gym_fitness_0027_6740315_bfe7716a.png,0,negative_clean,people_working_out_gym_fitness,train
negative_clean/people_waiting_bus_stop/people_waiting_bus_stop_0027_11960634_b49463a8.png,0,negative_clean,people_waiting_bus_stop,train
negative_clean/shoppers_walking_mall_interior/shoppers_walking_mall_interior_0015_17051853_d1832812.png,0,negative_clean,shoppers_walking_mall_interior,train
negative_clean/modern_office_workspace/modern_office_workspace_0004_245032_c8f3a7a9.png,0,negative_clean,modern_office_workspace,train
negative_clean/people_portrait/people_portrait_0080_21792057_cfd3b4da.png,0,negative_clean,people_portrait,train
negative_clean/office_interior/office_interior_0012_36631701_4dee8332.png,0,negative_clean,office_interior,train
negative_clean/crowd_watching_sports_stadium_spectators/crowd_watching_sports_stadium_spectators_0023_6750049_8b42b2dc.png,0,negative_clean,crowd_watching_sports_stadium_spectators,train
negative_clean/live_concert_audience_crowd/live_concert_audience_crowd_0030_26447523_69c4b1cc.png,0,negative_clean,live_concert_audience_crowd,train
negative_clean/nature_landscape/nature_landscape_0007_19673563_3f59c83b.png,0,negative_clean,nature_landscape,train
negative_clean/crowd_watching_sports_stadium_spectators/crowd_watching_sports_stadium_spectators_0033_12537018_fa21fede.png,0,negative_clean,crowd_watching_sports_stadium_spectators,train
negative_clean/street_photography_pedestrians_candid/street_photography_pedestrians_candid_0003_18056101_8d3e084d.png,0,negative_clean,street_photography_pedestrians_candid,train
negative_clean/office_interior/office_interior_0017_8297855_9aae2bd5.png,0,negative_clean,office_interior,train
negative_clean/nature_landscape/nature_landscape_0060_21940141_a6866594.png,0,negative_clean,nature_landscape,train
negative_clean/office_interior/office_interior_0027_8297869_6c8c5aeb.png,0,negative_clean,office_interior,train
negative_clean/people_commuting_subway_station/people_commuting_subway_station_0018_15799655_50b97903.png,0,negative_clean,people_commuting_subway_station,train
negative_clean/people_portrait/people_portrait_0025_36772610_f057d362.png,0,negative_clean,people_portrait,train
negative_clean/construction_workers_site_outdoor/construction_workers_site_outdoor_0004_12314551_fb3520fa.png,0,negative_clean,construction_workers_site_outdoor,train
negative_clean/food_photography/food_photography_0029_37261362_231f9a50.png,0,negative_clean,food_photography,train
negative_clean/outdoor_festival_crowd_daytime/outdoor_festival_crowd_daytime_0010_17842579_ee797cab.png,0,negative_clean,outdoor_festival_crowd_daytime,train
negative_clean/street_photography_pedestrians_candid/street_photography_pedestrians_candid_0022_17906173_f16aa946.png,0,negative_clean,street_photography_pedestrians_candid,train
negative_clean/people_commuting_subway_station/people_commuting_subway_station_0024_23106811_d0c34973.png,0,negative_clean,people_commuting_subway_station,train
negative_clean/passengers_inside_bus_train_interior/passengers_inside_bus_train_interior_0021_14592817_8b0c8e2b.png,0,negative_clean,passengers_inside_bus_train_interior,train
negative_clean/food_photography/food_photography_0011_7160695_a6a1465f.png,0,negative_clean,food_photography,train
negative_clean/people_commuting_subway_station/people_commuting_subway_station_0004_18133890_db62a608.png,0,negative_clean,people_commuting_subway_station,train
negative_clean/crowd_watching_sports_stadium_spectators/crowd_watching_sports_stadium_spectators_0026_13141008_bb593db4.png,0,negative_clean,crowd_watching_sports_stadium_spectators,train
negative_clean/city_street_view/city_street_view_0080_15521513_633e386f.png,0,negative_clean,city_street_view,train
negative_clean/children_playing_playground_outdoor/children_playing_playground_outdoor_0015_32890334_08b61f60.png,0,negative_clean,children_playing_playground_outdoor,train
negative_clean/outdoor_festival_crowd_daytime/outdoor_festival_crowd_daytime_0033_167591_59251e93.png,0,negative_clean,outdoor_festival_crowd_daytime,train
negative_clean/chef_cooking_restaurant_kitchen/chef_cooking_restaurant_kitchen_0025_66639_d8432a94.png,0,negative_clean,chef_cooking_restaurant_kitchen,train
negative_clean/city_street_view/city_street_view_0046_18262170_5c18e47c.png,0,negative_clean,city_street_view,train
negative_clean/office_interior/office_interior_0056_20988575_61662677.png,0,negative_clean,office_interior,train
negative_clean/hair_salon_stylist_client/hair_salon_stylist_client_0032_12774385_6420c1c6.png,0,negative_clean,hair_salon_stylist_client,train
negative_clean/office_interior/office_interior_0057_13068370_f1b71caa.png,0,negative_clean,office_interior,train
negative_clean/shoppers_walking_mall_interior/shoppers_walking_mall_interior_0004_36712911_a77c2958.png,0,negative_clean,shoppers_walking_mall_interior,train
negative_clean/construction_workers_site_outdoor/construction_workers_site_outdoor_0015_8961027_d8e413df.png,0,negative_clean,construction_workers_site_outdoor,train
negative_clean/friends_hiking_trail_outdoor/friends_hiking_trail_outdoor_0024_7625040_113dda23.png,0,negative_clean,friends_hiking_trail_outdoor,train
negative_clean/street_photography_pedestrians_candid/street_photography_pedestrians_candid_0012_34791244_4dc8deb0.png,0,negative_clean,street_photography_pedestrians_candid,train
negative_clean/passengers_inside_bus_train_interior/passengers_inside_bus_train_interior_0013_16884098_44062c77.png,0,negative_clean,passengers_inside_bus_train_interior,train
negative_clean/friends_hiking_trail_outdoor/friends_hiking_trail_outdoor_0002_2426216_b25447fb.png,0,negative_clean,friends_hiking_trail_outdoor,train
negative_clean/street_photography_pedestrians_candid/street_photography_pedestrians_candid_0013_20185336_7dba31d3.png,0,negative_clean,street_photography_pedestrians_candid,train
negative_clean/farmers_market_crowd_shopping/farmers_market_crowd_shopping_0016_30931757_540ed5d5.png,0,negative_clean,farmers_market_crowd_shopping,train
negative_clean/people_portrait/people_portrait_0043_21582339_bdbc4096.png,0,negative_clean,people_portrait,train
negative_clean/people_portrait/people_portrait_0075_17184881_a9b060e3.png,0,negative_clean,people_portrait,train
negative_clean/live_concert_audience_crowd/live_concert_audience_crowd_0010_196652_5d72e7e4.png,0,negative_clean,live_concert_audience_crowd,train
negative_clean/city_street_view/city_street_view_0077_17702948_dc1622fe.png,0,negative_clean,city_street_view,train
negative_clean/people_waiting_bus_stop/people_waiting_bus_stop_0003_17626678_460f8dc4.png,0,negative_clean,people_waiting_bus_stop,train
negative_clean/office_interior/office_interior_0080_8353783_7fd06409.png,0,negative_clean,office_interior,train
negative_clean/friends_hiking_trail_outdoor/friends_hiking_trail_outdoor_0028_5064928_67bf3567.png,0,negative_clean,friends_hiking_trail_outdoor,train
negative_clean/crowd_watching_sports_stadium_spectators/crowd_watching_sports_stadium_spectators_0031_15362149_c05e18c6.png,0,negative_clean,crowd_watching_sports_stadium_spectators,train
negative_clean/people_commuting_subway_station/people_commuting_subway_station_0009_18823269_1aba123a.png,0,negative_clean,people_commuting_subway_station,train
negative_clean/food_photography/food_photography_0063_7166541_325b85e1.png,0,negative_clean,food_photography,train
negative_clean/people_portrait/people_portrait_0007_19130705_181d0433.png,0,negative_clean,people_portrait,train
negative_clean/city_street_view/city_street_view_0020_36918466_2c7d6c24.png,0,negative_clean,city_street_view,train
negative_clean/food_photography/food_photography_0009_12737797_aa9c184b.png,0,negative_clean,food_photography,train
negative_clean/food_photography/food_photography_0031_19834448_17c51b23.png,0,negative_clean,food_photography,train
negative_clean/office_interior/office_interior_0054_7046156_2f763025.png,0,negative_clean,office_interior,train
negative_clean/construction_workers_site_outdoor/construction_workers_site_outdoor_0002_32826199_c8269a22.png,0,negative_clean,construction_workers_site_outdoor,train
negative_clean/food_photography/food_photography_0051_17600203_71e04faa.png,0,negative_clean,food_photography,train
negative_clean/food_photography/food_photography_0022_28996018_27873742.png,0,negative_clean,food_photography,train
negative_clean/passengers_inside_bus_train_interior/passengers_inside_bus_train_interior_0026_18023182_231be012.png,0,negative_clean,passengers_inside_bus_train_interior,train
negative_clean/office_interior/office_interior_0059_7534208_a1a869f9.png,0,negative_clean,office_interior,train
negative_clean/passengers_inside_bus_train_interior/passengers_inside_bus_train_interior_0003_29510192_fe05b667.png,0,negative_clean,passengers_inside_bus_train_interior,train
negative_clean/friends_hiking_trail_outdoor/friends_hiking_trail_outdoor_0006_5064669_639d9910.png,0,negative_clean,friends_hiking_trail_outdoor,train
negative_clean/food_photography/food_photography_0070_5695591_82fbac74.png,0,negative_clean,food_photography,train
negative_clean/construction_workers_site_outdoor/construction_workers_site_outdoor_0018_8961526_a8efeb8c.png,0,negative_clean,construction_workers_site_outdoor,train
negative_clean/elderly_people_park_bench/elderly_people_park_bench_0022_37957621_9825174c.png,0,negative_clean,elderly_people_park_bench,train
negative_clean/people_portrait/people_portrait_0067_17825283_17acf9e0.png,0,negative_clean,people_portrait,train
negative_clean/nature_landscape/nature_landscape_0017_32229517_b65938db.png,0,negative_clean,nature_landscape,train
negative_clean/office_interior/office_interior_0060_9300726_31e936e9.png,0,negative_clean,office_interior,train
negative_clean/nature_landscape/nature_landscape_0073_13677717_a973d944.png,0,negative_clean,nature_landscape,train
negative_clean/people_waiting_bus_stop/people_waiting_bus_stop_0004_31876101_0c559484.png,0,negative_clean,people_waiting_bus_stop,train
negative_clean/coworking_space_interior/coworking_space_interior_0016_7278588_58959f00.png,0,negative_clean,coworking_space_interior,train
negative_clean/food_photography/food_photography_0024_15352337_c5d2ed82.png,0,negative_clean,food_photography,train
negative_clean/nature_landscape/nature_landscape_0080_36346034_f606f5db.png,0,negative_clean,nature_landscape,train
negative_clean/people_commuting_subway_station/people_commuting_subway_station_0013_34636_b503ccda.png,0,negative_clean,people_commuting_subway_station,train
negative_clean/food_photography/food_photography_0004_12737803_1bb9e424.png,0,negative_clean,food_photography,train
negative_clean/nature_landscape/nature_landscape_0002_1693453_8bf990a2.png,0,negative_clean,nature_landscape,train
negative_clean/people_portrait/people_portrait_0015_29291980_682e6d73.png,0,negative_clean,people_portrait,train
negative_clean/hair_salon_stylist_client/hair_salon_stylist_client_0012_7819735_e284512f.png,0,negative_clean,hair_salon_stylist_client,train
negative_clean/crowd_watching_sports_stadium_spectators/crowd_watching_sports_stadium_spectators_0010_31658176_4ff72852.png,0,negative_clean,crowd_watching_sports_stadium_spectators,train
negative_clean/construction_workers_site_outdoor/construction_workers_site_outdoor_0029_34043299_f0ce221b.png,0,negative_clean,construction_workers_site_outdoor,train
negative_clean/outdoor_festival_crowd_daytime/outdoor_festival_crowd_daytime_0019_5757268_a3ac6a9b.png,0,negative_clean,outdoor_festival_crowd_daytime,train
negative_clean/food_photography/food_photography_0054_15486347_c0e6b7f3.png,0,negative_clean,food_photography,train
negative_clean/friends_hiking_trail_outdoor/friends_hiking_trail_outdoor_0035_16225827_a8c6efc5.png,0,negative_clean,friends_hiking_trail_outdoor,train
negative_clean/food_photography/food_photography_0064_5348719_43607587.png,0,negative_clean,food_photography,train
negative_clean/children_playing_playground_outdoor/children_playing_playground_outdoor_0003_8060005_97525efb.png,0,negative_clean,children_playing_playground_outdoor,train
negative_clean/nature_landscape/nature_landscape_0054_13816152_5581147b.png,0,negative_clean,nature_landscape,train
negative_clean/farmers_market_crowd_shopping/farmers_market_crowd_shopping_0007_14054553_dd4c41d2.png,0,negative_clean,farmers_market_crowd_shopping,train
negative_clean/friends_hiking_trail_outdoor/friends_hiking_trail_outdoor_0017_5064929_820a63c7.png,0,negative_clean,friends_hiking_trail_outdoor,train
negative_clean/nature_landscape/nature_landscape_0028_31750229_1d0a5473.png,0,negative_clean,nature_landscape,train
negative_clean/chef_cooking_restaurant_kitchen/chef_cooking_restaurant_kitchen_0001_6213723_3e67fe6e.png,0,negative_clean,chef_cooking_restaurant_kitchen,train
negative_clean/people_working_out_gym_fitness/people_working_out_gym_fitness_0012_13993895_33502c98.png,0,negative_clean,people_working_out_gym_fitness,train
negative_clean/city_street_view/city_street_view_0036_16256810_3421f27b.png,0,negative_clean,city_street_view,train
negative_clean/nature_landscape/nature_landscape_0001_20653781_084a7be7.png,0,negative_clean,nature_landscape,train
negative_clean/hair_salon_stylist_client/hair_salon_stylist_client_0010_7819725_09b9a114.png,0,negative_clean,hair_salon_stylist_client,train
negative_clean/office_interior/office_interior_0075_9300765_d18be2d8.png,0,negative_clean,office_interior,train
negative_clean/nature_landscape/nature_landscape_0021_13575519_ef1f5f35.png,0,negative_clean,nature_landscape,train
negative_clean/construction_workers_site_outdoor/construction_workers_site_outdoor_0024_8961025_7256c768.png,0,negative_clean,construction_workers_site_outdoor,train
negative_clean/live_concert_audience_crowd/live_concert_audience_crowd_0013_2147029_a11975cf.png,0,negative_clean,live_concert_audience_crowd,train
negative_clean/food_photography/food_photography_0034_34870046_903c4258.png,0,negative_clean,food_photography,train
negative_clean/children_playing_playground_outdoor/children_playing_playground_outdoor_0007_5790179_d8bed01a.png,0,negative_clean,children_playing_playground_outdoor,train
negative_clean/crowd_watching_sports_stadium_spectators/crowd_watching_sports_stadium_spectators_0013_38223497_a4225664.png,0,negative_clean,crowd_watching_sports_stadium_spectators,train
negative_clean/nature_landscape/nature_landscape_0045_1316541_aaa2050b.png,0,negative_clean,nature_landscape,train
negative_clean/live_concert_audience_crowd/live_concert_audience_crowd_0002_761543_dd1b761a.png,0,negative_clean,live_concert_audience_crowd,train
negative_clean/farmers_market_crowd_shopping/farmers_market_crowd_shopping_0035_31184912_d99219fc.png,0,negative_clean,farmers_market_crowd_shopping,train
negative_clean/farmers_market_crowd_shopping/farmers_market_crowd_shopping_0021_4451506_0c2fd783.png,0,negative_clean,farmers_market_crowd_shopping,train
negative_clean/farmers_market_crowd_shopping/farmers_market_crowd_shopping_0023_4148640_ea8e397d.png,0,negative_clean,farmers_market_crowd_shopping,train
negative_clean/farmers_market_crowd_shopping/farmers_market_crowd_shopping_0025_34996738_5b695a8c.png,0,negative_clean,farmers_market_crowd_shopping,train
negative_clean/children_playing_playground_outdoor/children_playing_playground_outdoor_0021_35107541_9584356c.png,0,negative_clean,children_playing_playground_outdoor,train
negative_clean/chef_cooking_restaurant_kitchen/chef_cooking_restaurant_kitchen_0020_15441279_87e0fd98.png,0,negative_clean,chef_cooking_restaurant_kitchen,train
negative_clean/street_photography_pedestrians_candid/street_photography_pedestrians_candid_0018_17706211_7d256ba4.png,0,negative_clean,street_photography_pedestrians_candid,train
negative_clean/people_working_out_gym_fitness/people_working_out_gym_fitness_0033_4853905_dcefd5f2.png,0,negative_clean,people_working_out_gym_fitness,train
negative_clean/chef_cooking_restaurant_kitchen/chef_cooking_restaurant_kitchen_0035_8629104_ff238df8.png,0,negative_clean,chef_cooking_restaurant_kitchen,train
negative_clean/office_interior/office_interior_0002_35188667_d4515a9a.png,0,negative_clean,office_interior,train
negative_clean/people_working_out_gym_fitness/people_working_out_gym_fitness_0004_4853888_0275da42.png,0,negative_clean,people_working_out_gym_fitness,train
negative_clean/office_interior/office_interior_0051_36631700_e6b111f3.png,0,negative_clean,office_interior,train
negative_clean/hair_salon_stylist_client/hair_salon_stylist_client_0017_7755216_1808fb10.png,0,negative_clean,hair_salon_stylist_client,train
negative_clean/people_commuting_subway_station/people_commuting_subway_station_0014_10870635_7685caa6.png,0,negative_clean,people_commuting_subway_station,train
negative_clean/construction_workers_site_outdoor/construction_workers_site_outdoor_0020_19250066_af970545.png,0,negative_clean,construction_workers_site_outdoor,train
negative_clean/elderly_people_park_bench/elderly_people_park_bench_0029_35354741_972461f8.png,0,negative_clean,elderly_people_park_bench,train
negative_clean/nature_landscape/nature_landscape_0072_16128127_3c256cc6.png,0,negative_clean,nature_landscape,train
negative_clean/food_photography/food_photography_0032_28247014_00da8d43.png,0,negative_clean,food_photography,train
negative_clean/city_street_view/city_street_view_0029_4665270_cc8bbf0a.png,0,negative_clean,city_street_view,train
negative_clean/live_concert_audience_crowd/live_concert_audience_crowd_0012_35593189_c7686e7a.png,0,negative_clean,live_concert_audience_crowd,train
negative_clean/food_photography/food_photography_0057_6089835_48a2aa32.png,0,negative_clean,food_photography,train
negative_clean/modern_office_workspace/modern_office_workspace_0005_6177596_cdbdb260.png,0,negative_clean,modern_office_workspace,train
negative_clean/people_waiting_bus_stop/people_waiting_bus_stop_0023_7883852_b48607ef.png,0,negative_clean,people_waiting_bus_stop,train
negative_clean/friends_hiking_trail_outdoor/friends_hiking_trail_outdoor_0003_5064588_1fc25af3.png,0,negative_clean,friends_hiking_trail_outdoor,train
negative_clean/people_waiting_bus_stop/people_waiting_bus_stop_0030_18427240_5478d85c.png,0,negative_clean,people_waiting_bus_stop,train
negative_clean/outdoor_festival_crowd_daytime/outdoor_festival_crowd_daytime_0021_17513667_a8493ddd.png,0,negative_clean,outdoor_festival_crowd_daytime,train
negative_clean/street_photography_pedestrians_candid/street_photography_pedestrians_candid_0027_18548766_4830e919.png,0,negative_clean,street_photography_pedestrians_candid,train
negative_clean/street_photography_pedestrians_candid/street_photography_pedestrians_candid_0034_34279227_e2b75737.png,0,negative_clean,street_photography_pedestrians_candid,train
negative_clean/farmers_market_crowd_shopping/farmers_market_crowd_shopping_0031_27052301_0b2653eb.png,0,negative_clean,farmers_market_crowd_shopping,train
negative_clean/hair_salon_stylist_client/hair_salon_stylist_client_0013_8834124_5f6a2347.png,0,negative_clean,hair_salon_stylist_client,train
negative_clean/farmers_market_crowd_shopping/farmers_market_crowd_shopping_0024_37960783_9c703581.png,0,negative_clean,farmers_market_crowd_shopping,train
negative_clean/live_concert_audience_crowd/live_concert_audience_crowd_0009_4218027_5b32e9c0.png,0,negative_clean,live_concert_audience_crowd,train
negative_clean/office_interior/office_interior_0023_7511755_4e60bf8f.png,0,negative_clean,office_interior,train
negative_clean/people_portrait/people_portrait_0058_9366096_ea003747.png,0,negative_clean,people_portrait,train
negative_clean/food_photography/food_photography_0053_8697139_147a327e.png,0,negative_clean,food_photography,train
negative_clean/people_working_out_gym_fitness/people_working_out_gym_fitness_0010_9853440_7eb1c5dc.png,0,negative_clean,people_working_out_gym_fitness,train
negative_clean/outdoor_festival_crowd_daytime/outdoor_festival_crowd_daytime_0023_11982220_972cfaf0.png,0,negative_clean,outdoor_festival_crowd_daytime,train
negative_clean/people_portrait/people_portrait_0053_31247276_0bf0f0c1.png,0,negative_clean,people_portrait,train
negative_clean/city_street_view/city_street_view_0019_35335725_750aa168.png,0,negative_clean,city_street_view,train
negative_clean/crowd_watching_sports_stadium_spectators/crowd_watching_sports_stadium_spectators_0025_12537022_1701d2a5.png,0,negative_clean,crowd_watching_sports_stadium_spectators,train
negative_clean/live_concert_audience_crowd/live_concert_audience_crowd_0005_30215324_9d3faba4.png,0,negative_clean,live_concert_audience_crowd,train
negative_clean/nature_landscape/nature_landscape_0023_36752495_1f38bb08.png,0,negative_clean,nature_landscape,train
negative_clean/people_commuting_subway_station/people_commuting_subway_station_0028_15125026_fb695dfc.png,0,negative_clean,people_commuting_subway_station,train
negative_clean/hair_salon_stylist_client/hair_salon_stylist_client_0027_8467964_fa1ae056.png,0,negative_clean,hair_salon_stylist_client,train
negative_clean/people_waiting_bus_stop/people_waiting_bus_stop_0007_19103086_91259c4f.png,0,negative_clean,people_waiting_bus_stop,train
negative_clean/food_photography/food_photography_0069_12252365_2646940f.png,0,negative_clean,food_photography,train
negative_clean/passengers_inside_bus_train_interior/passengers_inside_bus_train_interior_0011_17495586_9f901be4.png,0,negative_clean,passengers_inside_bus_train_interior,train
negative_clean/chef_cooking_restaurant_kitchen/chef_cooking_restaurant_kitchen_0029_36630804_b4ea5e0e.png,0,negative_clean,chef_cooking_restaurant_kitchen,train
negative_clean/shoppers_walking_mall_interior/shoppers_walking_mall_interior_0027_1441009_4ceeeeed.png,0,negative_clean,shoppers_walking_mall_interior,train
negative_clean/people_working_out_gym_fitness/people_working_out_gym_fitness_0003_864990_1c60b037.png,0,negative_clean,people_working_out_gym_fitness,train
negative_clean/elderly_people_park_bench/elderly_people_park_bench_0009_17055488_b4f68cf9.png,0,negative_clean,elderly_people_park_bench,train
negative_clean/office_interior/office_interior_0050_6044924_28aec290.png,0,negative_clean,office_interior,train
negative_clean/people_portrait/people_portrait_0001_13595169_3e6217d7.png,0,negative_clean,people_portrait,train
negative_clean/people_working_out_gym_fitness/people_working_out_gym_fitness_0023_4853886_d972d13f.png,0,negative_clean,people_working_out_gym_fitness,train
negative_clean/chef_cooking_restaurant_kitchen/chef_cooking_restaurant_kitchen_0026_12181750_b8c1583f.png,0,negative_clean,chef_cooking_restaurant_kitchen,train
negative_clean/people_commuting_subway_station/people_commuting_subway_station_0012_11411085_f2497457.png,0,negative_clean,people_commuting_subway_station,train
negative_clean/food_photography/food_photography_0019_34159113_fb160eda.png,0,negative_clean,food_photography,train
negative_clean/construction_workers_site_outdoor/construction_workers_site_outdoor_0017_8961557_bc9f4fd8.png,0,negative_clean,construction_workers_site_outdoor,train
negative_clean/street_photography_pedestrians_candid/street_photography_pedestrians_candid_0014_22763911_d9117a13.png,0,negative_clean,street_photography_pedestrians_candid,train
negative_clean/live_concert_audience_crowd/live_concert_audience_crowd_0033_26447526_5172d929.png,0,negative_clean,live_concert_audience_crowd,train
negative_clean/construction_workers_site_outdoor/construction_workers_site_outdoor_0021_6082416_e9727a5f.png,0,negative_clean,construction_workers_site_outdoor,train
negative_clean/food_photography/food_photography_0047_18856445_22c10e43.png,0,negative_clean,food_photography,train
negative_clean/nature_landscape/nature_landscape_0052_26201762_eb2dac50.png,0,negative_clean,nature_landscape,train
negative_clean/outdoor_festival_crowd_daytime/outdoor_festival_crowd_daytime_0002_2957849_dbeda4bc.png,0,negative_clean,outdoor_festival_crowd_daytime,train
negative_clean/farmers_market_crowd_shopping/farmers_market_crowd_shopping_0008_8403776_b546463e.png,0,negative_clean,farmers_market_crowd_shopping,train
negative_clean/crowd_watching_sports_stadium_spectators/crowd_watching_sports_stadium_spectators_0002_6750050_f9d0f221.png,0,negative_clean,crowd_watching_sports_stadium_spectators,train
negative_clean/office_interior/office_interior_0019_3747070_56ef4b0d.png,0,negative_clean,office_interior,train
negative_clean/food_photography/food_photography_0058_7223306_20e05fed.png,0,negative_clean,food_photography,train
negative_clean/modern_office_workspace/modern_office_workspace_0003_12902992_034bdca5.png,0,negative_clean,modern_office_workspace,train
negative_clean/food_photography/food_photography_0010_11135561_26b1fde0.png,0,negative_clean,food_photography,train
negative_clean/food_photography/food_photography_0049_25243832_212566e9.png,0,negative_clean,food_photography,train
negative_clean/shoppers_walking_mall_interior/shoppers_walking_mall_interior_0021_36776750_9eceae00.png,0,negative_clean,shoppers_walking_mall_interior,train
negative_clean/food_photography/food_photography_0065_3850213_58c361d7.png,0,negative_clean,food_photography,train
negative_clean/office_interior/office_interior_0029_8353774_d61e4a3b.png,0,negative_clean,office_interior,train
negative_clean/construction_workers_site_outdoor/construction_workers_site_outdoor_0035_11293624_7c11feed.png,0,negative_clean,construction_workers_site_outdoor,train
negative_clean/farmers_market_crowd_shopping/farmers_market_crowd_shopping_0022_9127141_bf084470.png,0,negative_clean,farmers_market_crowd_shopping,train
negative_clean/city_street_view/city_street_view_0008_20423154_c9d44a73.png,0,negative_clean,city_street_view,train
negative_clean/people_portrait/people_portrait_0027_27706987_27561214.png,0,negative_clean,people_portrait,train
negative_clean/city_street_view/city_street_view_0005_11837451_239e22ec.png,0,negative_clean,city_street_view,train
negative_clean/live_concert_audience_crowd/live_concert_audience_crowd_0017_4218028_082959bc.png,0,negative_clean,live_concert_audience_crowd,train
negative_clean/people_waiting_bus_stop/people_waiting_bus_stop_0032_34215918_909c4b66.png,0,negative_clean,people_waiting_bus_stop,train
negative_clean/people_portrait/people_portrait_0003_28262884_5b3f759e.png,0,negative_clean,people_portrait,train
negative_clean/coworking_space_interior/coworking_space_interior_0017_3712597_7a6da4bf.png,0,negative_clean,coworking_space_interior,train
negative_clean/shoppers_walking_mall_interior/shoppers_walking_mall_interior_0034_16193395_aa2bd8ad.png,0,negative_clean,shoppers_walking_mall_interior,train
negative_clean/food_photography/food_photography_0035_24866519_88fc730d.png,0,negative_clean,food_photography,train
negative_clean/people_waiting_bus_stop/people_waiting_bus_stop_0013_33001975_2def4d4a.png,0,negative_clean,people_waiting_bus_stop,train
negative_clean/office_interior/office_interior_0073_19165510_7d709c1b.png,0,negative_clean,office_interior,train
negative_clean/elderly_people_park_bench/elderly_people_park_bench_0034_10499599_25fde37d.png,0,negative_clean,elderly_people_park_bench,train
negative_clean/farmers_market_crowd_shopping/farmers_market_crowd_shopping_0012_28121280_32c9c6ac.png,0,negative_clean,farmers_market_crowd_shopping,train
negative_clean/city_street_view/city_street_view_0025_12995091_61c3005a.png,0,negative_clean,city_street_view,train
negative_clean/coworking_space_interior/coworking_space_interior_0001_20123842_2bbca211.png,0,negative_clean,coworking_space_interior,train
negative_clean/elderly_people_park_bench/elderly_people_park_bench_0012_9940307_2630e88b.png,0,negative_clean,elderly_people_park_bench,train
negative_clean/live_concert_audience_crowd/live_concert_audience_crowd_0035_26447527_ee83c0f2.png,0,negative_clean,live_concert_audience_crowd,train
negative_clean/nature_landscape/nature_landscape_0008_7600751_30d84d9e.png,0,negative_clean,nature_landscape,train
negative_clean/city_street_view/city_street_view_0068_15955206_ad95d42f.png,0,negative_clean,city_street_view,train
negative_clean/coworking_space_interior/coworking_space_interior_0026_9497770_c104b4f4.png,0,negative_clean,coworking_space_interior,train
negative_clean/shoppers_walking_mall_interior/shoppers_walking_mall_interior_0032_3861588_114f3f02.png,0,negative_clean,shoppers_walking_mall_interior,train
negative_clean/city_street_view/city_street_view_0050_17867177_5f771ca1.png,0,negative_clean,city_street_view,train
negative_clean/construction_workers_site_outdoor/construction_workers_site_outdoor_0031_34670930_d04b2906.png,0,negative_clean,construction_workers_site_outdoor,train
negative_clean/hair_salon_stylist_client/hair_salon_stylist_client_0024_8834065_8d4de16e.png,0,negative_clean,hair_salon_stylist_client,train
negative_clean/construction_workers_site_outdoor/construction_workers_site_outdoor_0010_29288255_c38ff27c.png,0,negative_clean,construction_workers_site_outdoor,train
negative_clean/people_portrait/people_portrait_0037_5388501_faddf65f.png,0,negative_clean,people_portrait,train
negative_clean/people_waiting_bus_stop/people_waiting_bus_stop_0018_12122638_dfbec358.png,0,negative_clean,people_waiting_bus_stop,train
negative_clean/construction_workers_site_outdoor/construction_workers_site_outdoor_0001_8961260_510f5e76.png,0,negative_clean,construction_workers_site_outdoor,train
negative_clean/elderly_people_park_bench/elderly_people_park_bench_0025_37014036_5fa05627.png,0,negative_clean,elderly_people_park_bench,train
negative_clean/food_photography/food_photography_0045_12084254_9e8fcb63.png,0,negative_clean,food_photography,train
negative_clean/friends_hiking_trail_outdoor/friends_hiking_trail_outdoor_0005_7624836_78cdee04.png,0,negative_clean,friends_hiking_trail_outdoor,train
negative_clean/people_working_out_gym_fitness/people_working_out_gym_fitness_0006_13018400_2470f2a0.png,0,negative_clean,people_working_out_gym_fitness,train
negative_clean/nature_landscape/nature_landscape_0058_8681472_e047fea3.png,0,negative_clean,nature_landscape,train
negative_clean/food_photography/food_photography_0018_9001223_028c97e1.png,0,negative_clean,food_photography,train
negative_clean/nature_landscape/nature_landscape_0032_36934097_b597917b.png,0,negative_clean,nature_landscape,train
negative_clean/nature_landscape/nature_landscape_0077_7894934_3be7ff69.png,0,negative_clean,nature_landscape,train
negative_clean/children_playing_playground_outdoor/children_playing_playground_outdoor_0018_28318317_9a69b110.png,0,negative_clean,children_playing_playground_outdoor,train
negative_clean/passengers_inside_bus_train_interior/passengers_inside_bus_train_interior_0032_1628029_ac6e5e12.png,0,negative_clean,passengers_inside_bus_train_interior,train
negative_clean/shoppers_walking_mall_interior/shoppers_walking_mall_interior_0029_36712922_feaec266.png,0,negative_clean,shoppers_walking_mall_interior,train
negative_clean/modern_office_workspace/modern_office_workspace_0009_6044914_88fe727e.png,0,negative_clean,modern_office_workspace,train
negative_clean/shoppers_walking_mall_interior/shoppers_walking_mall_interior_0019_33327471_3ff30e09.png,0,negative_clean,shoppers_walking_mall_interior,train
negative_clean/street_photography_pedestrians_candid/street_photography_pedestrians_candid_0029_12476322_54d31825.png,0,negative_clean,street_photography_pedestrians_candid,train
negative_clean/coworking_space_interior/coworking_space_interior_0006_7750093_0ed08523.png,0,negative_clean,coworking_space_interior,train
negative_clean/food_photography/food_photography_0077_15801887_9c795fb9.png,0,negative_clean,food_photography,train
negative_clean/passengers_inside_bus_train_interior/passengers_inside_bus_train_interior_0002_11758761_48cfeaa3.png,0,negative_clean,passengers_inside_bus_train_interior,train
negative_clean/office_interior/office_interior_0014_8204363_618d93b7.png,0,negative_clean,office_interior,train
negative_clean/food_photography/food_photography_0025_37065021_b8b90ab7.png,0,negative_clean,food_photography,train
negative_clean/live_concert_audience_crowd/live_concert_audience_crowd_0027_3696396_a1eb723d.png,0,negative_clean,live_concert_audience_crowd,train
negative_clean/food_photography/food_photography_0026_25243829_b2301de1.png,0,negative_clean,food_photography,train
negative_clean/nature_landscape/nature_landscape_0033_8782736_4f409742.png,0,negative_clean,nature_landscape,train
negative_clean/hair_salon_stylist_client/hair_salon_stylist_client_0021_8834096_4381c1b0.png,0,negative_clean,hair_salon_stylist_client,train
negative_clean/people_portrait/people_portrait_0041_17184866_21eda848.png,0,negative_clean,people_portrait,train
negative_clean/live_concert_audience_crowd/live_concert_audience_crowd_0004_3122799_ecd1cbf5.png,0,negative_clean,live_concert_audience_crowd,train
negative_clean/friends_hiking_trail_outdoor/friends_hiking_trail_outdoor_0033_7625046_a41871ed.png,0,negative_clean,friends_hiking_trail_outdoor,train
negative_clean/food_photography/food_photography_0060_37052503_59e022a2.png,0,negative_clean,food_photography,train
negative_clean/office_interior/office_interior_0003_13219418_c8ef843a.png,0,negative_clean,office_interior,train
negative_clean/shoppers_walking_mall_interior/shoppers_walking_mall_interior_0009_19907871_0fe097d3.png,0,negative_clean,shoppers_walking_mall_interior,train
negative_clean/nature_landscape/nature_landscape_0062_20988252_d546f09f.png,0,negative_clean,nature_landscape,train
negative_clean/children_playing_playground_outdoor/children_playing_playground_outdoor_0032_31847715_538af281.png,0,negative_clean,children_playing_playground_outdoor,train
negative_clean/friends_hiking_trail_outdoor/friends_hiking_trail_outdoor_0010_31645101_e59a6b61.png,0,negative_clean,friends_hiking_trail_outdoor,train
negative_clean/people_working_out_gym_fitness/people_working_out_gym_fitness_0011_9958674_371b996e.png,0,negative_clean,people_working_out_gym_fitness,train
negative_clean/crowd_watching_sports_stadium_spectators/crowd_watching_sports_stadium_spectators_0003_3892912_75ff2068.png,0,negative_clean,crowd_watching_sports_stadium_spectators,train
negative_clean/people_commuting_subway_station/people_commuting_subway_station_0002_3671142_7f35fd39.png,0,negative_clean,people_commuting_subway_station,train
negative_clean/people_commuting_subway_station/people_commuting_subway_station_0003_31294648_db8d272d.png,0,negative_clean,people_commuting_subway_station,train
negative_clean/street_photography_pedestrians_candid/street_photography_pedestrians_candid_0026_34246814_d1c586e6.png,0,negative_clean,street_photography_pedestrians_candid,train
negative_clean/food_photography/food_photography_0008_7468597_e2007926.png,0,negative_clean,food_photography,train
negative_clean/children_playing_playground_outdoor/children_playing_playground_outdoor_0008_32778239_30330c0f.png,0,negative_clean,children_playing_playground_outdoor,train
negative_clean/nature_landscape/nature_landscape_0047_34035083_e694bb4d.png,0,negative_clean,nature_landscape,train
negative_clean/office_interior/office_interior_0008_6794970_3bd327d6.png,0,negative_clean,office_interior,train
negative_clean/friends_hiking_trail_outdoor/friends_hiking_trail_outdoor_0034_5065204_3ea31a76.png,0,negative_clean,friends_hiking_trail_outdoor,train
negative_clean/office_interior/office_interior_0058_11025646_165d887a.png,0,negative_clean,office_interior,train
negative_clean/elderly_people_park_bench/elderly_people_park_bench_0017_37225459_ad895269.png,0,negative_clean,elderly_people_park_bench,train
negative_clean/nature_landscape/nature_landscape_0026_15103188_ba23cbe1.png,0,negative_clean,nature_landscape,train
negative_clean/city_street_view/city_street_view_0033_15536927_ccb8f6f6.png,0,negative_clean,city_street_view,train
negative_clean/elderly_people_park_bench/elderly_people_park_bench_0007_17720142_93b9d236.png,0,negative_clean,elderly_people_park_bench,train
negative_clean/people_working_out_gym_fitness/people_working_out_gym_fitness_0030_9152546_3b140fc9.png,0,negative_clean,people_working_out_gym_fitness,train
negative_clean/outdoor_festival_crowd_daytime/outdoor_festival_crowd_daytime_0009_3536238_fd015c7a.png,0,negative_clean,outdoor_festival_crowd_daytime,train
negative_clean/street_photography_pedestrians_candid/street_photography_pedestrians_candid_0019_34295583_6d320d84.png,0,negative_clean,street_photography_pedestrians_candid,train
negative_clean/coworking_space_interior/coworking_space_interior_0007_8971808_874dee46.png,0,negative_clean,coworking_space_interior,train
negative_clean/children_playing_playground_outdoor/children_playing_playground_outdoor_0035_10044872_8de80d74.png,0,negative_clean,children_playing_playground_outdoor,train
negative_clean/nature_landscape/nature_landscape_0069_6674897_fe78b414.png,0,negative_clean,nature_landscape,train
negative_clean/people_commuting_subway_station/people_commuting_subway_station_0019_19843240_a5371bd3.png,0,negative_clean,people_commuting_subway_station,train
negative_clean/office_interior/office_interior_0007_13068366_2b217ed2.png,0,negative_clean,office_interior,train
negative_clean/food_photography/food_photography_0059_13040266_c311ef71.png,0,negative_clean,food_photography,train
negative_clean/street_photography_pedestrians_candid/street_photography_pedestrians_candid_0032_37958092_3fd41785.png,0,negative_clean,street_photography_pedestrians_candid,train
negative_clean/food_photography/food_photography_0006_33254643_678392ba.png,0,negative_clean,food_photography,train
negative_clean/construction_workers_site_outdoor/construction_workers_site_outdoor_0012_14367425_e521c59b.png,0,negative_clean,construction_workers_site_outdoor,train
negative_clean/nature_landscape/nature_landscape_0034_37843080_577b0ab9.png,0,negative_clean,nature_landscape,train
negative_clean/shoppers_walking_mall_interior/shoppers_walking_mall_interior_0028_12212347_cf7a18a4.png,0,negative_clean,shoppers_walking_mall_interior,train
negative_clean/live_concert_audience_crowd/live_concert_audience_crowd_0029_1179581_542dc437.png,0,negative_clean,live_concert_audience_crowd,train
negative_clean/office_interior/office_interior_0009_5918384_18debd0a.png,0,negative_clean,office_interior,train
negative_clean/children_playing_playground_outdoor/children_playing_playground_outdoor_0017_5704165_8cff3a91.png,0,negative_clean,children_playing_playground_outdoor,train
negative_clean/city_street_view/city_street_view_0016_33684445_92c25ca3.png,0,negative_clean,city_street_view,train
negative_clean/people_waiting_bus_stop/people_waiting_bus_stop_0022_9523171_ca5d9a9b.png,0,negative_clean,people_waiting_bus_stop,train
negative_clean/outdoor_festival_crowd_daytime/outdoor_festival_crowd_daytime_0016_33952910_86939bfd.png,0,negative_clean,outdoor_festival_crowd_daytime,train
negative_clean/shoppers_walking_mall_interior/shoppers_walking_mall_interior_0017_35141900_c3af1531.png,0,negative_clean,shoppers_walking_mall_interior,train
negative_clean/nature_landscape/nature_landscape_0067_31467193_3e2f7f47.png,0,negative_clean,nature_landscape,train
negative_clean/children_playing_playground_outdoor/children_playing_playground_outdoor_0025_8926889_ec74663a.png,0,negative_clean,children_playing_playground_outdoor,train
negative_clean/children_playing_playground_outdoor/children_playing_playground_outdoor_0027_35107699_d3c09797.png,0,negative_clean,children_playing_playground_outdoor,train
negative_clean/people_working_out_gym_fitness/people_working_out_gym_fitness_0002_6339480_e0b71aaa.png,0,negative_clean,people_working_out_gym_fitness,train
negative_clean/people_waiting_bus_stop/people_waiting_bus_stop_0019_16592561_0acad066.png,0,negative_clean,people_waiting_bus_stop,train
negative_clean/outdoor_festival_crowd_daytime/outdoor_festival_crowd_daytime_0024_5175771_3f322c81.png,0,negative_clean,outdoor_festival_crowd_daytime,train
negative_clean/street_photography_pedestrians_candid/street_photography_pedestrians_candid_0031_19171591_54543753.png,0,negative_clean,street_photography_pedestrians_candid,train
negative_clean/city_street_view/city_street_view_0049_5647145_b4df51c6.png,0,negative_clean,city_street_view,train
negative_clean/people_portrait/people_portrait_0071_19119324_740ed8e2.png,0,negative_clean,people_portrait,train
negative_clean/chef_cooking_restaurant_kitchen/chef_cooking_restaurant_kitchen_0011_12193823_6385df84.png,0,negative_clean,chef_cooking_restaurant_kitchen,train
negative_clean/friends_hiking_trail_outdoor/friends_hiking_trail_outdoor_0007_5064579_4be817fb.png,0,negative_clean,friends_hiking_trail_outdoor,train
negative_clean/people_portrait/people_portrait_0074_17093158_0052a699.png,0,negative_clean,people_portrait,train
negative_clean/food_photography/food_photography_0020_24196189_fc8df90d.png,0,negative_clean,food_photography,train
negative_clean/children_playing_playground_outdoor/children_playing_playground_outdoor_0022_5859828_d29faa52.png,0,negative_clean,children_playing_playground_outdoor,train
negative_clean/food_photography/food_photography_0073_6630930_3b8864d2.png,0,negative_clean,food_photography,train
negative_clean/office_interior/office_interior_0011_5483188_bd6bdc86.png,0,negative_clean,office_interior,train
negative_clean/children_playing_playground_outdoor/children_playing_playground_outdoor_0026_5275812_28598c16.png,0,negative_clean,children_playing_playground_outdoor,train
negative_clean/friends_hiking_trail_outdoor/friends_hiking_trail_outdoor_0015_7625301_130da2eb.png,0,negative_clean,friends_hiking_trail_outdoor,train
negative_clean/chef_cooking_restaurant_kitchen/chef_cooking_restaurant_kitchen_0030_32742923_62268506.png,0,negative_clean,chef_cooking_restaurant_kitchen,train
negative_clean/people_portrait/people_portrait_0073_27830952_fc004f8f.png,0,negative_clean,people_portrait,train
negative_clean/people_commuting_subway_station/people_commuting_subway_station_0022_10113264_9e66a4f0.png,0,negative_clean,people_commuting_subway_station,train
negative_clean/friends_hiking_trail_outdoor/friends_hiking_trail_outdoor_0021_10484503_1d6386ca.png,0,negative_clean,friends_hiking_trail_outdoor,train
negative_clean/farmers_market_crowd_shopping/farmers_market_crowd_shopping_0010_15078960_b791c554.png,0,negative_clean,farmers_market_crowd_shopping,train
negative_clean/food_photography/food_photography_0001_5691261_20e3661b.png,0,negative_clean,food_photography,train
negative_clean/city_street_view/city_street_view_0026_16371251_23e958dd.png,0,negative_clean,city_street_view,train
negative_clean/city_street_view/city_street_view_0007_17131944_ee390b6a.png,0,negative_clean,city_street_view,train
negative_clean/farmers_market_crowd_shopping/farmers_market_crowd_shopping_0003_2448523_ad1d3aad.png,0,negative_clean,farmers_market_crowd_shopping,train
negative_clean/people_commuting_subway_station/people_commuting_subway_station_0006_32819765_aa5f2302.png,0,negative_clean,people_commuting_subway_station,train
negative_clean/outdoor_festival_crowd_daytime/outdoor_festival_crowd_daytime_0017_26733634_8a59c0d0.png,0,negative_clean,outdoor_festival_crowd_daytime,train
negative_clean/crowd_watching_sports_stadium_spectators/crowd_watching_sports_stadium_spectators_0005_34649359_b5f18c78.png,0,negative_clean,crowd_watching_sports_stadium_spectators,train
negative_clean/passengers_inside_bus_train_interior/passengers_inside_bus_train_interior_0033_13385524_aa1403a3.png,0,negative_clean,passengers_inside_bus_train_interior,train
negative_clean/food_photography/food_photography_0044_31846711_cf951d7f.png,0,negative_clean,food_photography,train
negative_clean/outdoor_festival_crowd_daytime/outdoor_festival_crowd_daytime_0034_5567937_17be15d4.png,0,negative_clean,outdoor_festival_crowd_daytime,train
negative_clean/live_concert_audience_crowd/live_concert_audience_crowd_0008_6782458_10cccc8f.png,0,negative_clean,live_concert_audience_crowd,train
negative_clean/farmers_market_crowd_shopping/farmers_market_crowd_shopping_0005_28809202_c50101d5.png,0,negative_clean,farmers_market_crowd_shopping,train
negative_clean/chef_cooking_restaurant_kitchen/chef_cooking_restaurant_kitchen_0027_28039496_1334a3da.png,0,negative_clean,chef_cooking_restaurant_kitchen,train
negative_clean/shoppers_walking_mall_interior/shoppers_walking_mall_interior_0025_32102403_68e9d4d9.png,0,negative_clean,shoppers_walking_mall_interior,train
negative_clean/shoppers_walking_mall_interior/shoppers_walking_mall_interior_0011_34728541_efe4bbe0.png,0,negative_clean,shoppers_walking_mall_interior,train
negative_clean/hair_salon_stylist_client/hair_salon_stylist_client_0029_7755460_df88cdc2.png,0,negative_clean,hair_salon_stylist_client,train
negative_clean/shoppers_walking_mall_interior/shoppers_walking_mall_interior_0005_12932500_8240a8a1.png,0,negative_clean,shoppers_walking_mall_interior,train
negative_clean/outdoor_festival_crowd_daytime/outdoor_festival_crowd_daytime_0030_20733832_7cdce697.png,0,negative_clean,outdoor_festival_crowd_daytime,train
negative_clean/coworking_space_interior/coworking_space_interior_0012_3778613_74cf7cea.png,0,negative_clean,coworking_space_interior,train
negative_clean/people_portrait/people_portrait_0028_8540305_11333849.png,0,negative_clean,people_portrait,train
negative_clean/people_portrait/people_portrait_0062_37798718_f52b2162.png,0,negative_clean,people_portrait,train
negative_clean/nature_landscape/nature_landscape_0013_23070382_3f01ec2c.png,0,negative_clean,nature_landscape,train
negative_clean/nature_landscape/nature_landscape_0027_37466016_501ec60f.png,0,negative_clean,nature_landscape,train
negative_clean/people_portrait/people_portrait_0079_17857251_6ae080fd.png,0,negative_clean,people_portrait,train
negative_clean/people_waiting_bus_stop/people_waiting_bus_stop_0006_11761144_a906af78.png,0,negative_clean,people_waiting_bus_stop,train
negative_clean/crowd_watching_sports_stadium_spectators/crowd_watching_sports_stadium_spectators_0032_32471037_a0ebd3ba.png,0,negative_clean,crowd_watching_sports_stadium_spectators,train
negative_clean/hair_salon_stylist_client/hair_salon_stylist_client_0023_7755518_4acf23ca.png,0,negative_clean,hair_salon_stylist_client,train
negative_clean/outdoor_festival_crowd_daytime/outdoor_festival_crowd_daytime_0020_15451289_fe1fcea2.png,0,negative_clean,outdoor_festival_crowd_daytime,train
negative_clean/office_interior/office_interior_0037_7658304_b8175a84.png,0,negative_clean,office_interior,train
negative_clean/chef_cooking_restaurant_kitchen/chef_cooking_restaurant_kitchen_0015_22690552_0ad79ab0.png,0,negative_clean,chef_cooking_restaurant_kitchen,train
negative_clean/passengers_inside_bus_train_interior/passengers_inside_bus_train_interior_0028_20571423_4480cd0d.png,0,negative_clean,passengers_inside_bus_train_interior,train
negative_noise/phone_lock_screen/phone_lock_screen_0073_10737000_0cc97267.png,0,negative_noise,phone_lock_screen,train
negative_noise/street_signs/street_signs_0073_18334186_906af77d.png,0,negative_noise,street_signs,train
negative_noise/phone_lock_screen/phone_lock_screen_0009_4114779_e9654c20.png,0,negative_noise,phone_lock_screen,train
negative_noise/street_signs/street_signs_0062_16159203_50196fd3.png,0,negative_noise,street_signs,train
negative_noise/store_signage/store_signage_0006_6076229_204e282b.png,0,negative_noise,store_signage,train
negative_noise/store_signage/store_signage_0064_30793424_5ddae399.png,0,negative_noise,store_signage,train
negative_noise/phone_lock_screen/phone_lock_screen_0008_4004384_2d5a4253.png,0,negative_noise,phone_lock_screen,train
negative_noise/street_signs/street_signs_0025_35901527_39769012.png,0,negative_noise,street_signs,train
negative_noise/video_playback_screen/video_playback_screen_0029_5045876_b917b38b.png,0,negative_noise,video_playback_screen,train
negative_noise/video_playback_screen/video_playback_screen_0057_4273437_7a641031.png,0,negative_noise,video_playback_screen,train
negative_noise/bookshelf_spines/bookshelf_spines_0014_8391472_94a53673.png,0,negative_noise,bookshelf_spines,train
negative_noise/video_playback_screen/video_playback_screen_0012_4561940_95c8c64f.png,0,negative_noise,video_playback_screen,train
negative_noise/phone_lock_screen/phone_lock_screen_0013_17077380_623702ef.png,0,negative_noise,phone_lock_screen,train
negative_noise/video_playback_screen/video_playback_screen_0035_13716809_ddee277f.png,0,negative_noise,video_playback_screen,train
negative_noise/store_signage/store_signage_0059_7451964_90746e8f.png,0,negative_noise,store_signage,train
negative_noise/bookshelf_spines/bookshelf_spines_0005_30302038_9e6bf09f.png,0,negative_noise,bookshelf_spines,train
negative_noise/bookshelf_spines/bookshelf_spines_0070_161053_ebc87731.png,0,negative_noise,bookshelf_spines,train
negative_noise/street_signs/street_signs_0048_33661540_a980002d.png,0,negative_noise,street_signs,train
negative_noise/store_signage/store_signage_0062_34748109_185940a1.png,0,negative_noise,store_signage,train
negative_noise/phone_lock_screen/phone_lock_screen_0065_576739_e8e54b12.png,0,negative_noise,phone_lock_screen,train
negative_noise/video_playback_screen/video_playback_screen_0055_5380838_c7928b8f.png,0,negative_noise,video_playback_screen,train
negative_noise/video_playback_screen/video_playback_screen_0044_7193887_07326f2a.png,0,negative_noise,video_playback_screen,train
negative_noise/bookshelf_spines/bookshelf_spines_0037_167542_d5b7fc01.png,0,negative_noise,bookshelf_spines,train
negative_noise/store_signage/store_signage_0025_35091448_e60e523c.png,0,negative_noise,store_signage,train
negative_noise/video_playback_screen/video_playback_screen_0050_6787664_f01295f1.png,0,negative_noise,video_playback_screen,train
negative_noise/video_playback_screen/video_playback_screen_0005_4561939_bbc19ec0.png,0,negative_noise,video_playback_screen,train
negative_noise/video_playback_screen/video_playback_screen_0024_8178840_91a5222a.png,0,negative_noise,video_playback_screen,train
negative_noise/store_signage/store_signage_0072_31483206_495851d8.png,0,negative_noise,store_signage,train
negative_noise/video_playback_screen/video_playback_screen_0036_9227680_90a6078a.png,0,negative_noise,video_playback_screen,train
negative_noise/street_signs/street_signs_0064_11134646_1ae2ffb6.png,0,negative_noise,street_signs,train
negative_noise/video_playback_screen/video_playback_screen_0061_2774166_cac2fafa.png,0,negative_noise,video_playback_screen,train
negative_noise/bookshelf_spines/bookshelf_spines_0029_17398251_5b3550eb.png,0,negative_noise,bookshelf_spines,train
negative_noise/street_signs/street_signs_0012_33480971_5a305f26.png,0,negative_noise,street_signs,train
negative_noise/store_signage/store_signage_0066_19858831_51b5594c.png,0,negative_noise,store_signage,train
negative_noise/street_signs/street_signs_0007_17407306_fe1734f9.png,0,negative_noise,street_signs,train
negative_noise/bookshelf_spines/bookshelf_spines_0031_5435583_163e6562.png,0,negative_noise,bookshelf_spines,train
negative_noise/video_playback_screen/video_playback_screen_0058_10599961_ed00f4d4.png,0,negative_noise,video_playback_screen,train
negative_noise/bookshelf_spines/bookshelf_spines_0047_30555396_cca3385e.png,0,negative_noise,bookshelf_spines,train
negative_noise/street_signs/street_signs_0016_20900119_53ae88a7.png,0,negative_noise,street_signs,train
negative_noise/phone_lock_screen/phone_lock_screen_0029_6956130_4367ceec.png,0,negative_noise,phone_lock_screen,train
negative_noise/store_signage/store_signage_0041_9538596_afe5ce87.png,0,negative_noise,store_signage,train
negative_noise/video_playback_screen/video_playback_screen_0045_4812734_467bec60.png,0,negative_noise,video_playback_screen,train
negative_noise/street_signs/street_signs_0019_33164253_4607ddf8.png,0,negative_noise,street_signs,train
negative_noise/bookshelf_spines/bookshelf_spines_0025_273939_74628d1e.png,0,negative_noise,bookshelf_spines,train
negative_noise/street_signs/street_signs_0055_35167658_837af508.png,0,negative_noise,street_signs,train
negative_noise/store_signage/store_signage_0042_29233303_06a9d6be.png,0,negative_noise,store_signage,train
negative_noise/video_playback_screen/video_playback_screen_0047_6714952_e785a179.png,0,negative_noise,video_playback_screen,train
negative_noise/store_signage/store_signage_0028_12641816_0fe267ef.png,0,negative_noise,store_signage,train
negative_noise/video_playback_screen/video_playback_screen_0004_2774168_dac2804c.png,0,negative_noise,video_playback_screen,train
negative_noise/bookshelf_spines/bookshelf_spines_0017_5710_1493e5f8.png,0,negative_noise,bookshelf_spines,train
negative_noise/store_signage/store_signage_0052_26425432_111850fd.png,0,negative_noise,store_signage,train
negative_noise/street_signs/street_signs_0067_27626854_7b2e1a43.png,0,negative_noise,street_signs,train
negative_noise/store_signage/store_signage_0045_10175387_875c0d3b.png,0,negative_noise,store_signage,train
negative_noise/phone_lock_screen/phone_lock_screen_0075_5807886_941a7338.png,0,negative_noise,phone_lock_screen,train
negative_noise/bookshelf_spines/bookshelf_spines_0008_1476243_36d6aa21.png,0,negative_noise,bookshelf_spines,train
negative_noise/street_signs/street_signs_0029_10813069_ee7014d4.png,0,negative_noise,street_signs,train
negative_noise/phone_lock_screen/phone_lock_screen_0077_9045119_46429d98.png,0,negative_noise,phone_lock_screen,train
negative_noise/store_signage/store_signage_0032_9994733_7ff76a77.png,0,negative_noise,store_signage,train
negative_noise/store_signage/store_signage_0058_8363072_1691986e.png,0,negative_noise,store_signage,train
negative_noise/store_signage/store_signage_0008_29200640_0284f9d3.png,0,negative_noise,store_signage,train
negative_noise/phone_lock_screen/phone_lock_screen_0050_12562555_013c3e13.png,0,negative_noise,phone_lock_screen,train
negative_noise/phone_lock_screen/phone_lock_screen_0041_803936_0c0f9865.png,0,negative_noise,phone_lock_screen,train
negative_noise/street_signs/street_signs_0039_1676986_bdf0f184.png,0,negative_noise,street_signs,train
negative_noise/phone_lock_screen/phone_lock_screen_0072_4098380_03e51187.png,0,negative_noise,phone_lock_screen,train
negative_noise/video_playback_screen/video_playback_screen_0059_17486300_f3dd5219.png,0,negative_noise,video_playback_screen,train
negative_noise/street_signs/street_signs_0050_28744462_a705f513.png,0,negative_noise,street_signs,train
negative_noise/phone_lock_screen/phone_lock_screen_0078_4004497_17d35536.png,0,negative_noise,phone_lock_screen,train
negative_noise/store_signage/store_signage_0036_12973611_16da44b7.png,0,negative_noise,store_signage,train
negative_noise/bookshelf_spines/bookshelf_spines_0002_33324724_1d661258.png,0,negative_noise,bookshelf_spines,train
negative_noise/street_signs/street_signs_0032_18529791_65f8602d.png,0,negative_noise,street_signs,train
negative_noise/store_signage/store_signage_0048_6931438_25cb6a8f.png,0,negative_noise,store_signage,train
negative_noise/phone_lock_screen/phone_lock_screen_0066_13878276_df93a533.png,0,negative_noise,phone_lock_screen,train
negative_noise/video_playback_screen/video_playback_screen_0007_4154176_d47e2dc4.png,0,negative_noise,video_playback_screen,train
negative_noise/bookshelf_spines/bookshelf_spines_0003_29218838_2188592b.png,0,negative_noise,bookshelf_spines,train
negative_noise/street_signs/street_signs_0027_20595037_43987167.png,0,negative_noise,street_signs,train
negative_noise/video_playback_screen/video_playback_screen_0049_5939816_6dbb0155.png,0,negative_noise,video_playback_screen,train
negative_noise/store_signage/store_signage_0060_16766915_9372051b.png,0,negative_noise,store_signage,train
negative_noise/street_signs/street_signs_0020_15289046_a509c8d4.png,0,negative_noise,street_signs,train
negative_noise/video_playback_screen/video_playback_screen_0033_6853443_9d605e07.png,0,negative_noise,video_playback_screen,train
negative_noise/phone_lock_screen/phone_lock_screen_0020_404280_d408860e.png,0,negative_noise,phone_lock_screen,train
negative_noise/street_signs/street_signs_0072_35714323_a6f35df8.png,0,negative_noise,street_signs,train
negative_noise/video_playback_screen/video_playback_screen_0062_3296434_93edef2d.png,0,negative_noise,video_playback_screen,train
negative_noise/video_playback_screen/video_playback_screen_0042_6021476_ec5970e8.png,0,negative_noise,video_playback_screen,train
negative_noise/store_signage/store_signage_0017_13396539_6ee09582.png,0,negative_noise,store_signage,train
negative_noise/bookshelf_spines/bookshelf_spines_0001_30512747_d86612da.png,0,negative_noise,bookshelf_spines,train
negative_noise/video_playback_screen/video_playback_screen_0076_4268525_17f5f504.png,0,negative_noise,video_playback_screen,train
negative_noise/video_playback_screen/video_playback_screen_0037_3062556_cd4e3abb.png,0,negative_noise,video_playback_screen,train
negative_noise/store_signage/store_signage_0014_6772839_76a18e8e.png,0,negative_noise,store_signage,train
negative_noise/store_signage/store_signage_0003_6432588_f90fd564.png,0,negative_noise,store_signage,train
negative_noise/video_playback_screen/video_playback_screen_0026_6559472_82a6981e.png,0,negative_noise,video_playback_screen,train
negative_noise/video_playback_screen/video_playback_screen_0009_4123879_cc2152cd.png,0,negative_noise,video_playback_screen,train
negative_noise/video_playback_screen/video_playback_screen_0006_4561937_4e0fe48f.png,0,negative_noise,video_playback_screen,train
negative_noise/bookshelf_spines/bookshelf_spines_0051_28238205_4d0057be.png,0,negative_noise,bookshelf_spines,train
negative_noise/street_signs/street_signs_0038_17129201_ddf25705.png,0,negative_noise,street_signs,train
negative_noise/store_signage/store_signage_0012_20232007_86a52378.png,0,negative_noise,store_signage,train
negative_noise/store_signage/store_signage_0030_36903743_755fe7ca.png,0,negative_noise,store_signage,train
negative_noise/store_signage/store_signage_0069_31823466_08b9747a.png,0,negative_noise,store_signage,train
negative_noise/bookshelf_spines/bookshelf_spines_0055_8115552_63c193f5.png,0,negative_noise,bookshelf_spines,train
negative_noise/store_signage/store_signage_0047_14433229_db543cf9.png,0,negative_noise,store_signage,train
negative_noise/video_playback_screen/video_playback_screen_0052_6202733_a93075b3.png,0,negative_noise,video_playback_screen,train
negative_noise/bookshelf_spines/bookshelf_spines_0010_17492078_a4f11c1b.png,0,negative_noise,bookshelf_spines,train
negative_noise/street_signs/street_signs_0001_33621635_89bf7a9c.png,0,negative_noise,street_signs,train
negative_noise/video_playback_screen/video_playback_screen_0065_19224453_ebcca20f.png,0,negative_noise,video_playback_screen,train
negative_noise/bookshelf_spines/bookshelf_spines_0028_28585941_fe5c1c85.png,0,negative_noise,bookshelf_spines,train
negative_noise/phone_lock_screen/phone_lock_screen_0055_3747146_4b0768aa.png,0,negative_noise,phone_lock_screen,train
negative_noise/phone_lock_screen/phone_lock_screen_0049_17688850_9c1b4507.png,0,negative_noise,phone_lock_screen,train
negative_noise/bookshelf_spines/bookshelf_spines_0053_14819802_d771e118.png,0,negative_noise,bookshelf_spines,train
negative_noise/street_signs/street_signs_0052_32997741_859f9fdc.png,0,negative_noise,street_signs,train
negative_noise/phone_lock_screen/phone_lock_screen_0024_11216329_2e5b06ea.png,0,negative_noise,phone_lock_screen,train
negative_noise/video_playback_screen/video_playback_screen_0039_3338533_52b56e8e.png,0,negative_noise,video_playback_screen,train
negative_noise/store_signage/store_signage_0074_13007853_27381a2a.png,0,negative_noise,store_signage,train
negative_noise/street_signs/street_signs_0053_35641024_28ce2277.png,0,negative_noise,street_signs,train
negative_noise/phone_lock_screen/phone_lock_screen_0027_10963855_4d089fee.png,0,negative_noise,phone_lock_screen,train
negative_noise/bookshelf_spines/bookshelf_spines_0050_17144197_f258a2fb.png,0,negative_noise,bookshelf_spines,train
negative_noise/street_signs/street_signs_0056_15209761_a609d3f6.png,0,negative_noise,street_signs,train
negative_noise/street_signs/street_signs_0061_4744694_7d21c305.png,0,negative_noise,street_signs,train
negative_noise/video_playback_screen/video_playback_screen_0069_7634784_eb8e75de.png,0,negative_noise,video_playback_screen,train
negative_noise/phone_lock_screen/phone_lock_screen_0010_4114792_e404713f.png,0,negative_noise,phone_lock_screen,train
negative_noise/bookshelf_spines/bookshelf_spines_0065_37165246_ad08294f.png,0,negative_noise,bookshelf_spines,train
negative_noise/phone_lock_screen/phone_lock_screen_0016_1337753_5943af54.png,0,negative_noise,phone_lock_screen,train
negative_noise/store_signage/store_signage_0019_11251726_35ba1c6b.png,0,negative_noise,store_signage,train
negative_noise/phone_lock_screen/phone_lock_screen_0051_17500628_bcaa39d4.png,0,negative_noise,phone_lock_screen,train
negative_noise/phone_lock_screen/phone_lock_screen_0014_11391947_e392f289.png,0,negative_noise,phone_lock_screen,train
negative_noise/store_signage/store_signage_0029_6115036_264aa3ac.png,0,negative_noise,store_signage,train
negative_noise/street_signs/street_signs_0077_5647263_78710f7a.png,0,negative_noise,street_signs,train
negative_noise/store_signage/store_signage_0035_1376412_2144641c.png,0,negative_noise,store_signage,train
negative_noise/phone_lock_screen/phone_lock_screen_0059_7821750_c012e6cf.png,0,negative_noise,phone_lock_screen,train
negative_noise/street_signs/street_signs_0044_28829005_429dc274.png,0,negative_noise,street_signs,train
negative_noise/phone_lock_screen/phone_lock_screen_0064_30859941_ec936d40.png,0,negative_noise,phone_lock_screen,train
negative_noise/bookshelf_spines/bookshelf_spines_0040_13121647_ecc1b489.png,0,negative_noise,bookshelf_spines,train
negative_noise/street_signs/street_signs_0069_19468660_20c111a7.png,0,negative_noise,street_signs,train
negative_noise/video_playback_screen/video_playback_screen_0064_4064830_341934d1.png,0,negative_noise,video_playback_screen,train
negative_noise/street_signs/street_signs_0030_11474583_8ed384e6.png,0,negative_noise,street_signs,train
negative_noise/street_signs/street_signs_0026_36242660_33b67aaa.png,0,negative_noise,street_signs,train
negative_noise/street_signs/street_signs_0031_28441085_5435d0bd.png,0,negative_noise,street_signs,train
negative_noise/store_signage/store_signage_0063_30793427_e830f7bc.png,0,negative_noise,store_signage,train
negative_noise/store_signage/store_signage_0068_6134016_4aa430d3.png,0,negative_noise,store_signage,train
negative_noise/store_signage/store_signage_0026_9418047_70d5a493.png,0,negative_noise,store_signage,train
negative_noise/store_signage/store_signage_0055_37514899_4821a8f4.png,0,negative_noise,store_signage,train
negative_noise/store_signage/store_signage_0034_9258351_758f9927.png,0,negative_noise,store_signage,train
negative_noise/phone_lock_screen/phone_lock_screen_0019_10583930_4c7bae42.png,0,negative_noise,phone_lock_screen,train
negative_noise/bookshelf_spines/bookshelf_spines_0059_11222032_2fe5be5b.png,0,negative_noise,bookshelf_spines,train
negative_noise/bookshelf_spines/bookshelf_spines_0061_20774772_2d2f2a32.png,0,negative_noise,bookshelf_spines,train
negative_noise/street_signs/street_signs_0074_4923380_467d8646.png,0,negative_noise,street_signs,train
negative_noise/video_playback_screen/video_playback_screen_0019_6766992_5e69be3a.png,0,negative_noise,video_playback_screen,train
negative_noise/street_signs/street_signs_0071_37365042_28beed94.png,0,negative_noise,street_signs,train
negative_noise/bookshelf_spines/bookshelf_spines_0033_33324725_4775cb0d.png,0,negative_noise,bookshelf_spines,train
negative_noise/store_signage/store_signage_0024_176837_38a29a0d.png,0,negative_noise,store_signage,train
negative_noise/street_signs/street_signs_0006_9934811_40c449ab.png,0,negative_noise,street_signs,train
negative_noise/bookshelf_spines/bookshelf_spines_0067_256453_8e1ef1a4.png,0,negative_noise,bookshelf_spines,train
negative_noise/phone_lock_screen/phone_lock_screen_0034_17249214_a3f64654.png,0,negative_noise,phone_lock_screen,train
negative_noise/phone_lock_screen/phone_lock_screen_0069_1603866_4a9434a9.png,0,negative_noise,phone_lock_screen,train
negative_noise/street_signs/street_signs_0014_18111548_c6912459.png,0,negative_noise,street_signs,train
negative_noise/bookshelf_spines/bookshelf_spines_0048_2128249_4e254750.png,0,negative_noise,bookshelf_spines,train
negative_noise/video_playback_screen/video_playback_screen_0038_3917724_774dadf3.png,0,negative_noise,video_playback_screen,train
negative_noise/bookshelf_spines/bookshelf_spines_0044_13061425_1aaef806.png,0,negative_noise,bookshelf_spines,train
negative_noise/bookshelf_spines/bookshelf_spines_0006_35642492_0997bb38.png,0,negative_noise,bookshelf_spines,train
negative_noise/store_signage/store_signage_0061_29194491_76a6b4aa.png,0,negative_noise,store_signage,train
negative_noise/video_playback_screen/video_playback_screen_0016_9289294_214fb194.png,0,negative_noise,video_playback_screen,train
negative_noise/video_playback_screen/video_playback_screen_0051_10600592_0a59ccb7.png,0,negative_noise,video_playback_screen,train
negative_noise/bookshelf_spines/bookshelf_spines_0020_29976379_269be62b.png,0,negative_noise,bookshelf_spines,train
negative_noise/phone_lock_screen/phone_lock_screen_0061_20449382_63d67efe.png,0,negative_noise,phone_lock_screen,train
negative_noise/street_signs/street_signs_0040_7532958_3c2194ab.png,0,negative_noise,street_signs,train
negative_noise/street_signs/street_signs_0068_25020419_a17094bd.png,0,negative_noise,street_signs,train
negative_noise/store_signage/store_signage_0080_34259524_fb962af3.png,0,negative_noise,store_signage,train
negative_noise/store_signage/store_signage_0011_7317353_1cde9769.png,0,negative_noise,store_signage,train
negative_noise/street_signs/street_signs_0036_36082462_af31c9c8.png,0,negative_noise,street_signs,train
negative_noise/bookshelf_spines/bookshelf_spines_0071_8391466_ee02c56b.png,0,negative_noise,bookshelf_spines,train
negative_noise/phone_lock_screen/phone_lock_screen_0054_17542025_6b8a88ce.png,0,negative_noise,phone_lock_screen,train
negative_noise/video_playback_screen/video_playback_screen_0060_2510428_44f89287.png,0,negative_noise,video_playback_screen,train
negative_noise/store_signage/store_signage_0040_14752097_a6499d75.png,0,negative_noise,store_signage,train
negative_noise/street_signs/street_signs_0043_35965176_325ee84e.png,0,negative_noise,street_signs,train
negative_noise/video_playback_screen/video_playback_screen_0074_8041226_57e5a5a0.png,0,negative_noise,video_playback_screen,train
negative_noise/phone_lock_screen/phone_lock_screen_0040_33335189_7b919206.png,0,negative_noise,phone_lock_screen,train
negative_noise/bookshelf_spines/bookshelf_spines_0004_35098073_dc046397.png,0,negative_noise,bookshelf_spines,train
negative_noise/bookshelf_spines/bookshelf_spines_0039_5711_78f6396a.png,0,negative_noise,bookshelf_spines,train
negative_noise/video_playback_screen/video_playback_screen_0010_4123582_7fbfdb6d.png,0,negative_noise,video_playback_screen,train
negative_noise/video_playback_screen/video_playback_screen_0066_4721519_26a7e493.png,0,negative_noise,video_playback_screen,train
negative_noise/bookshelf_spines/bookshelf_spines_0041_19582451_e0b97596.png,0,negative_noise,bookshelf_spines,train
negative_noise/street_signs/street_signs_0080_11279381_c183163f.png,0,negative_noise,street_signs,train
negative_noise/bookshelf_spines/bookshelf_spines_0027_35098071_d9118c9f.png,0,negative_noise,bookshelf_spines,train
negative_noise/store_signage/store_signage_0027_19818223_4f73467a.png,0,negative_noise,store_signage,train
negative_noise/store_signage/store_signage_0065_1928079_966c9211.png,0,negative_noise,store_signage,train
negative_noise/phone_lock_screen/phone_lock_screen_0048_226474_cb843e89.png,0,negative_noise,phone_lock_screen,train
negative_noise/bookshelf_spines/bookshelf_spines_0046_3417716_ff2df92c.png,0,negative_noise,bookshelf_spines,train
negative_noise/phone_lock_screen/phone_lock_screen_0006_13628543_eba63fec.png,0,negative_noise,phone_lock_screen,train
negative_noise/phone_lock_screen/phone_lock_screen_0036_4035323_b412cf86.png,0,negative_noise,phone_lock_screen,train
negative_noise/street_signs/street_signs_0063_31057330_73decd4c.png,0,negative_noise,street_signs,train
negative_noise/street_signs/street_signs_0047_15988306_89a56b93.png,0,negative_noise,street_signs,train
negative_noise/street_signs/street_signs_0066_32967753_9a8ae8f6.png,0,negative_noise,street_signs,train
negative_noise/bookshelf_spines/bookshelf_spines_0069_159778_8b4ea978.png,0,negative_noise,bookshelf_spines,train
negative_noise/phone_lock_screen/phone_lock_screen_0057_10586740_31f4d41d.png,0,negative_noise,phone_lock_screen,train
negative_noise/store_signage/store_signage_0023_18111568_77fc4e28.png,0,negative_noise,store_signage,train
negative_noise/video_playback_screen/video_playback_screen_0025_9807291_79037082.png,0,negative_noise,video_playback_screen,train
negative_noise/bookshelf_spines/bookshelf_spines_0013_18702463_376751e7.png,0,negative_noise,bookshelf_spines,train
negative_noise/street_signs/street_signs_0042_12662823_896acb1a.png,0,negative_noise,street_signs,train
negative_noise/street_signs/street_signs_0041_19263565_e7cf1996.png,0,negative_noise,street_signs,train
negative_noise/street_signs/street_signs_0054_15884015_1fa2bab1.png,0,negative_noise,street_signs,train
negative_noise/video_playback_screen/video_playback_screen_0031_9811312_550b3137.png,0,negative_noise,video_playback_screen,train
negative_noise/video_playback_screen/video_playback_screen_0011_4813346_f0f40c2d.png,0,negative_noise,video_playback_screen,train
negative_noise/phone_lock_screen/phone_lock_screen_0070_3747142_2e0a31e1.png,0,negative_noise,phone_lock_screen,train
negative_noise/bookshelf_spines/bookshelf_spines_0072_29533557_4f12a2e7.png,0,negative_noise,bookshelf_spines,train
negative_noise/street_signs/street_signs_0058_16856998_71ae44ab.png,0,negative_noise,street_signs,train
negative_noise/store_signage/store_signage_0021_6115040_acebff48.png,0,negative_noise,store_signage,train
negative_noise/bookshelf_spines/bookshelf_spines_0075_29031725_1745b706.png,0,negative_noise,bookshelf_spines,train
negative_noise/bookshelf_spines/bookshelf_spines_0032_19582452_70167559.png,0,negative_noise,bookshelf_spines,train
negative_noise/street_signs/street_signs_0037_770220_1cf00607.png,0,negative_noise,street_signs,train
negative_noise/phone_lock_screen/phone_lock_screen_0037_9160109_544cb2f1.png,0,negative_noise,phone_lock_screen,train
negative_noise/store_signage/store_signage_0015_20123968_0f6e378b.png,0,negative_noise,store_signage,train
negative_noise/video_playback_screen/video_playback_screen_0070_3778523_4b9593a6.png,0,negative_noise,video_playback_screen,train
negative_noise/phone_lock_screen/phone_lock_screen_0039_4792360_44c708b5.png,0,negative_noise,phone_lock_screen,train
negative_noise/phone_lock_screen/phone_lock_screen_0031_7821761_659162b8.png,0,negative_noise,phone_lock_screen,train
negative_noise/phone_lock_screen/phone_lock_screen_0074_10736997_45bf93ad.png,0,negative_noise,phone_lock_screen,train
negative_noise/bookshelf_spines/bookshelf_spines_0064_14924121_e4bea25b.png,0,negative_noise,bookshelf_spines,train
negative_noise/street_signs/street_signs_0003_18883379_37c67292.png,0,negative_noise,street_signs,train
negative_noise/bookshelf_spines/bookshelf_spines_0021_34620_70d3457e.png,0,negative_noise,bookshelf_spines,train
negative_noise/store_signage/store_signage_0079_11251700_13a7bf8c.png,0,negative_noise,store_signage,train
negative_noise/phone_lock_screen/phone_lock_screen_0063_3999587_2bcb3e1c.png,0,negative_noise,phone_lock_screen,train
negative_noise/street_signs/street_signs_0070_33945059_af0e3b55.png,0,negative_noise,street_signs,train
negative_noise/store_signage/store_signage_0050_28726700_3f05853a.png,0,negative_noise,store_signage,train
negative_noise/video_playback_screen/video_playback_screen_0008_4270219_021dad3b.png,0,negative_noise,video_playback_screen,train
negative_noise/phone_lock_screen/phone_lock_screen_0052_12997975_90f6d29d.png,0,negative_noise,phone_lock_screen,train
negative_noise/street_signs/street_signs_0079_11951177_8b634690.png,0,negative_noise,street_signs,train
negative_noise/phone_lock_screen/phone_lock_screen_0003_8296108_6d5a1ba5.png,0,negative_noise,phone_lock_screen,train
negative_noise/phone_lock_screen/phone_lock_screen_0068_13429657_78dbdcca.png,0,negative_noise,phone_lock_screen,train
negative_noise/bookshelf_spines/bookshelf_spines_0015_2688058_fc1725d6.png,0,negative_noise,bookshelf_spines,train
negative_noise/bookshelf_spines/bookshelf_spines_0052_185762_b2d020af.png,0,negative_noise,bookshelf_spines,train
negative_noise/bookshelf_spines/bookshelf_spines_0018_8391470_60124971.png,0,negative_noise,bookshelf_spines,train
negative_noise/bookshelf_spines/bookshelf_spines_0019_29976378_c6c4d42e.png,0,negative_noise,bookshelf_spines,train
negative_noise/video_playback_screen/video_playback_screen_0075_6883822_72b0b687.png,0,negative_noise,video_playback_screen,train
negative_noise/phone_lock_screen/phone_lock_screen_0062_16052363_e4356e12.png,0,negative_noise,phone_lock_screen,train
negative_noise/phone_lock_screen/phone_lock_screen_0046_4033702_f0f39634.png,0,negative_noise,phone_lock_screen,train
negative_noise/bookshelf_spines/bookshelf_spines_0063_14104038_340ceff7.png,0,negative_noise,bookshelf_spines,train
negative_noise/street_signs/street_signs_0035_35865654_a03873d1.png,0,negative_noise,street_signs,train
negative_noise/street_signs/street_signs_0034_10303793_17ab9088.png,0,negative_noise,street_signs,train
negative_noise/bookshelf_spines/bookshelf_spines_0056_9272182_e448c2c5.png,0,negative_noise,bookshelf_spines,train
negative_noise/bookshelf_spines/bookshelf_spines_0009_29280246_712bb68d.png,0,negative_noise,bookshelf_spines,train
negative_noise/phone_lock_screen/phone_lock_screen_0076_2305998_eb112a40.png,0,negative_noise,phone_lock_screen,train
negative_noise/street_signs/street_signs_0046_18952277_db6a1f6d.png,0,negative_noise,street_signs,train
negative_noise/video_playback_screen/video_playback_screen_0021_5036242_4c2d2e31.png,0,negative_noise,video_playback_screen,train
negative_noise/store_signage/store_signage_0009_28726701_ef712d0d.png,0,negative_noise,store_signage,train
negative_noise/phone_lock_screen/phone_lock_screen_0043_3964506_cbdf04db.png,0,negative_noise,phone_lock_screen,train
negative_noise/street_signs/street_signs_0023_27862975_65d36b2a.png,0,negative_noise,street_signs,train
negative_noise/video_playback_screen/video_playback_screen_0017_639090_340d718d.png,0,negative_noise,video_playback_screen,train
negative_noise/street_signs/street_signs_0045_16287380_7b0c9347.png,0,negative_noise,street_signs,train
negative_noise/street_signs/street_signs_0022_34941789_999ef265.png,0,negative_noise,street_signs,train
negative_noise/store_signage/store_signage_0013_19518876_722a3895.png,0,negative_noise,store_signage,train
negative_noise/phone_lock_screen/phone_lock_screen_0005_11857283_cbcde332.png,0,negative_noise,phone_lock_screen,train
negative_noise/video_playback_screen/video_playback_screen_0079_37232401_19d2a96c.png,0,negative_noise,video_playback_screen,train
negative_noise/phone_lock_screen/phone_lock_screen_0028_4114806_e3ae3e35.png,0,negative_noise,phone_lock_screen,train
negative_noise/store_signage/store_signage_0039_17173007_6ae2b8c9.png,0,negative_noise,store_signage,train
negative_noise/bookshelf_spines/bookshelf_spines_0054_11527060_f7aecef6.png,0,negative_noise,bookshelf_spines,train
negative_noise/phone_lock_screen/phone_lock_screen_0018_29308673_6c015406.png,0,negative_noise,phone_lock_screen,train
negative_noise/phone_lock_screen/phone_lock_screen_0044_16052359_b8b21dea.png,0,negative_noise,phone_lock_screen,train
negative_noise/phone_lock_screen/phone_lock_screen_0022_4114803_8dc90498.png,0,negative_noise,phone_lock_screen,train
negative_noise/bookshelf_spines/bookshelf_spines_0035_1430796_31ae4a8f.png,0,negative_noise,bookshelf_spines,train
negative_noise/bookshelf_spines/bookshelf_spines_0043_34943737_444b9b11.png,0,negative_noise,bookshelf_spines,train
negative_noise/video_playback_screen/video_playback_screen_0046_18357250_be3b2993.png,0,negative_noise,video_playback_screen,train
negative_noise/store_signage/store_signage_0076_10725815_1be85ccf.png,0,negative_noise,store_signage,train
negative_noise/store_signage/store_signage_0071_12936161_3cd4185d.png,0,negative_noise,store_signage,train
negative_noise/video_playback_screen/video_playback_screen_0028_14121867_a37036e2.png,0,negative_noise,video_playback_screen,train
negative_noise/street_signs/street_signs_0010_20595038_2361b408.png,0,negative_noise,street_signs,train
negative_noise/video_playback_screen/video_playback_screen_0002_4626456_af2c0918.png,0,negative_noise,video_playback_screen,train
negative_noise/phone_lock_screen/phone_lock_screen_0017_1643665_894139cf.png,0,negative_noise,phone_lock_screen,train
negative_noise/street_signs/street_signs_0049_30125064_04601064.png,0,negative_noise,street_signs,train
negative_noise/store_signage/store_signage_0022_7434646_e32fbfa0.png,0,negative_noise,store_signage,train
negative_noise/street_signs/street_signs_0005_11537695_96828c26.png,0,negative_noise,street_signs,train
negative_noise/store_signage/store_signage_0010_11518801_da2bee56.png,0,negative_noise,store_signage,train
negative_noise/bookshelf_spines/bookshelf_spines_0073_32034598_c0d11d6a.png,0,negative_noise,bookshelf_spines,train
negative_noise/video_playback_screen/video_playback_screen_0018_6889210_d974f3d4.png,0,negative_noise,video_playback_screen,train
negative_noise/phone_lock_screen/phone_lock_screen_0025_7821755_a0fd579a.png,0,negative_noise,phone_lock_screen,train
negative_noise/store_signage/store_signage_0043_29462793_f9092411.png,0,negative_noise,store_signage,train
negative_noise/street_signs/street_signs_0015_15713859_71f6f65b.png,0,negative_noise,street_signs,train
negative_noise/store_signage/store_signage_0005_26694030_74ed25c1.png,0,negative_noise,store_signage,train
negative_noise/bookshelf_spines/bookshelf_spines_0022_8391464_5e43901f.png,0,negative_noise,bookshelf_spines,train
negative_noise/store_signage/store_signage_0002_28726705_4bf0e338.png,0,negative_noise,store_signage,train
negative_noise/phone_lock_screen/phone_lock_screen_0004_7821762_31c279d9.png,0,negative_noise,phone_lock_screen,train
positive/spreadsheet_on_computer_screen/spreadsheet_on_computer_screen_0028_7947637_bcd3739c.png,1,positive,spreadsheet_on_computer_screen,train
positive/whiteboard_writing/whiteboard_writing_0077_6502817_e82fc765.png,1,positive,whiteboard_writing,train
positive/classroom_projector_slides/classroom_projector_slides_0048_19199263_faa04887.png,1,positive,classroom_projector_slides,train
positive/classroom_projector_slides/classroom_projector_slides_0101_7234409_e2c2a2fd.png,1,positive,classroom_projector_slides,train
positive/whiteboard_writing/whiteboard_writing_0036_5196822_084a13db.png,1,positive,whiteboard_writing,train
positive/powerpoint_slide/powerpoint_slide_0038_6476251_b75c6372.png,1,positive,powerpoint_slide,train
positive/whiteboard_writing/whiteboard_writing_0066_17724750_9e37a964.png,1,positive,whiteboard_writing,train
positive/powerpoint_slide/powerpoint_slide_0130_15141529_04b8d57f.png,1,positive,powerpoint_slide,train
positive/computer_screen_text/computer_screen_text_0086_3872166_5f71caba.png,1,positive,computer_screen_text,train
positive/flip_chart_written_notes/flip_chart_written_notes_0018_8067824_277128e0.png,1,positive,flip_chart_written_notes,train
positive/computer_screen_text/computer_screen_text_0099_4439901_6006506e.png,1,positive,computer_screen_text,train
positive/classroom_projector_slides/classroom_projector_slides_0051_159213_88875a1e.png,1,positive,classroom_projector_slides,train
positive/data_dashboard_monitor/data_dashboard_monitor_0027_10468213_0f9437eb.png,1,positive,data_dashboard_monitor,train
positive/document_page_text/document_page_text_0095_5153472_d2f8114d.png,1,positive,document_page_text,train
positive/computer_screen_text/computer_screen_text_0060_14553720_7cc6cd2b.png,1,positive,computer_screen_text,train
positive/powerpoint_slide/powerpoint_slide_0135_8555770_598da6df.png,1,positive,powerpoint_slide,train
positive/powerpoint_slide/powerpoint_slide_0114_15141512_f97c4f2e.png,1,positive,powerpoint_slide,train
positive/projector_screen_presentation/projector_screen_presentation_0025_6814342_d7ce3314.png,1,positive,projector_screen_presentation,train
positive/scientific_poster_session/scientific_poster_session_0018_8471787_d2daa291.png,1,positive,scientific_poster_session,train
positive/data_dashboard_monitor/data_dashboard_monitor_0010_35501997_33b44b8c.png,1,positive,data_dashboard_monitor,train
positive/computer_screen_text/computer_screen_text_0032_270360_fd7f4121.png,1,positive,computer_screen_text,train
positive/video_conference_meeting_screen/video_conference_meeting_screen_0006_7643731_49af22e3.png,1,positive,video_conference_meeting_screen,train
positive/whiteboard_writing/whiteboard_writing_0016_5196812_d0fccb7f.png,1,positive,whiteboard_writing,train
positive/powerpoint_slide/powerpoint_slide_0025_29253467_0f437c98.png,1,positive,powerpoint_slide,train
positive/classroom_projector_slides/classroom_projector_slides_0008_8761299_80b2b412.png,1,positive,classroom_projector_slides,train
positive/powerpoint_slide/powerpoint_slide_0057_6476563_4f9007bd.png,1,positive,powerpoint_slide,train
positive/presentation_slide_screen_closeup/presentation_slide_screen_closeup_0003_18935246_51510e21.png,1,positive,presentation_slide_screen_closeup,train
positive/document_page_text/document_page_text_0041_7063739_8a9e1bcd.png,1,positive,document_page_text,train
positive/document_page_text/document_page_text_0020_20271880_fc5bc426.png,1,positive,document_page_text,train
positive/powerpoint_slide/powerpoint_slide_0008_14851415_63c0115b.png,1,positive,powerpoint_slide,train
positive/video_conference_meeting_screen/video_conference_meeting_screen_0004_29180739_656c065c.png,1,positive,video_conference_meeting_screen,train
positive/document_page_text/document_page_text_0088_237756_4b57a7dc.png,1,positive,document_page_text,train
positive/document_page_text/document_page_text_0002_34042182_1800f2ef.png,1,positive,document_page_text,train
positive/document_page_text/document_page_text_0082_4567484_936c325a.png,1,positive,document_page_text,train
positive/sticky_notes_plan_whiteboard/sticky_notes_plan_whiteboard_0015_17714158_b74d025a.png,1,positive,sticky_notes_plan_whiteboard,train
positive/open_textbook_pages_closeup/open_textbook_pages_closeup_0010_226612_864091c9.png,1,positive,open_textbook_pages_closeup,train
positive/spreadsheet_on_computer_screen/spreadsheet_on_computer_screen_0006_7691749_25f58b86.png,1,positive,spreadsheet_on_computer_screen,train
positive/data_dashboard_monitor/data_dashboard_monitor_0024_37769419_ff316113.png,1,positive,data_dashboard_monitor,train
positive/scientific_poster_session/scientific_poster_session_0014_33509512_4b66b9b7.png,1,positive,scientific_poster_session,train
positive/online_course_lecture_video/online_course_lecture_video_0004_6325966_1c0317ac.png,1,positive,online_course_lecture_video,train
positive/document_page_text/document_page_text_0034_954198_cc4c29e0.png,1,positive,document_page_text,train
positive/classroom_projector_slides/classroom_projector_slides_0139_5905924_1818dfd5.png,1,positive,classroom_projector_slides,train
positive/data_dashboard_monitor/data_dashboard_monitor_0017_27141316_85061fa7.png,1,positive,data_dashboard_monitor,train
positive/computer_screen_text/computer_screen_text_0055_34803966_24c9e1a3.png,1,positive,computer_screen_text,train
positive/data_dashboard_monitor/data_dashboard_monitor_0021_577195_db533ecf.png,1,positive,data_dashboard_monitor,train
positive/document_page_text/document_page_text_0058_27671638_0158f7f6.png,1,positive,document_page_text,train
positive/classroom_projector_slides/classroom_projector_slides_0095_8761317_78ce5977.png,1,positive,classroom_projector_slides,train
positive/ebook_reader_tablet_text/ebook_reader_tablet_text_0026_76942_e6a6e943.png,1,positive,ebook_reader_tablet_text,train
positive/document_page_text/document_page_text_0048_7969728_1ed9cc68.png,1,positive,document_page_text,train
positive/online_course_lecture_video/online_course_lecture_video_0005_6326383_1a8cfd80.png,1,positive,online_course_lecture_video,train
positive/document_page_text/document_page_text_0071_8594535_4b4c56f9.png,1,positive,document_page_text,train
positive/classroom_projector_slides/classroom_projector_slides_0118_34789956_4c277006.png,1,positive,classroom_projector_slides,train
positive/document_page_text/document_page_text_0072_9572697_257082a1.png,1,positive,document_page_text,train
positive/conference_keynote_presentation/conference_keynote_presentation_0006_22669860_6c7506bf.png,1,positive,conference_keynote_presentation,train
positive/powerpoint_slide/powerpoint_slide_0093_6483626_01083c8d.png,1,positive,powerpoint_slide,train
positive/powerpoint_slide/powerpoint_slide_0099_9034721_e10b2e11.png,1,positive,powerpoint_slide,train
positive/open_textbook_pages_closeup/open_textbook_pages_closeup_0008_25823754_5c7156a9.png,1,positive,open_textbook_pages_closeup,train
positive/projector_screen_presentation/projector_screen_presentation_0079_18999288_d77308d4.png,1,positive,projector_screen_presentation,train
positive/lecture_hall_screen/lecture_hall_screen_0016_36357715_32caa98f.png,1,positive,lecture_hall_screen,train
positive/whiteboard_writing/whiteboard_writing_0025_5310563_e1516368.png,1,positive,whiteboard_writing,train
positive/computer_screen_text/computer_screen_text_0087_34803976_08624a7f.png,1,positive,computer_screen_text,train
positive/computer_screen_text/computer_screen_text_0048_325111_141ffae9.png,1,positive,computer_screen_text,train
positive/whiteboard_writing/whiteboard_writing_0040_6502820_e2d892d7.png,1,positive,whiteboard_writing,train
positive/spreadsheet_on_computer_screen/spreadsheet_on_computer_screen_0008_34639577_964fe99a.png,1,positive,spreadsheet_on_computer_screen,train
positive/powerpoint_slide/powerpoint_slide_0098_11045732_3af884c1.png,1,positive,powerpoint_slide,train
positive/laptop_screen_code/laptop_screen_code_0036_34804000_fb6cb391.png,1,positive,laptop_screen_code,train
positive/data_dashboard_monitor/data_dashboard_monitor_0020_4021266_1132da2c.png,1,positive,data_dashboard_monitor,train
positive/laptop_screen_code/laptop_screen_code_0075_37880101_8726b171.png,1,positive,laptop_screen_code,train
positive/computer_screen_text/computer_screen_text_0104_34804009_c21391b4.png,1,positive,computer_screen_text,train
positive/conference_keynote_presentation/conference_keynote_presentation_0015_8761534_1900d1b1.png,1,positive,conference_keynote_presentation,train
positive/classroom_projector_slides/classroom_projector_slides_0035_6150524_d3eb59ce.png,1,positive,classroom_projector_slides,train
positive/document_page_text/document_page_text_0055_18632408_52892ab6.png,1,positive,document_page_text,train
positive/classroom_projector_slides/classroom_projector_slides_0053_6340631_76b16e1d.png,1,positive,classroom_projector_slides,train
positive/whiteboard_writing/whiteboard_writing_0034_7653975_01459bc4.png,1,positive,whiteboard_writing,train
positive/online_course_lecture_video/online_course_lecture_video_0014_6325952_0813d706.png,1,positive,online_course_lecture_video,train
positive/whiteboard_writing/whiteboard_writing_0061_7693109_96bed98a.png,1,positive,whiteboard_writing,train
positive/ebook_reader_tablet_text/ebook_reader_tablet_text_0028_22873774_03acba75.png,1,positive,ebook_reader_tablet_text,train
positive/whiteboard_writing/whiteboard_writing_0011_6325967_3012a38e.png,1,positive,whiteboard_writing,train
positive/spreadsheet_on_computer_screen/spreadsheet_on_computer_screen_0022_6779570_20c72999.png,1,positive,spreadsheet_on_computer_screen,train
positive/document_page_text/document_page_text_0008_5109222_7efc2710.png,1,positive,document_page_text,train
positive/video_conference_meeting_screen/video_conference_meeting_screen_0003_8512131_61603dea.png,1,positive,video_conference_meeting_screen,train
positive/computer_screen_text/computer_screen_text_0067_34803988_f260d10c.png,1,positive,computer_screen_text,train
positive/document_page_text/document_page_text_0138_12719255_e5d31dcd.png,1,positive,document_page_text,train
positive/online_course_lecture_video/online_course_lecture_video_0010_6326386_560e3a23.png,1,positive,online_course_lecture_video,train
positive/classroom_projector_slides/classroom_projector_slides_0006_6476778_d0b04f1e.png,1,positive,classroom_projector_slides,train
positive/powerpoint_slide/powerpoint_slide_0091_6476787_d644d672.png,1,positive,powerpoint_slide,train
positive/document_page_text/document_page_text_0103_18273009_60d478e5.png,1,positive,document_page_text,train
positive/powerpoint_slide/powerpoint_slide_0086_6476582_f82982a6.png,1,positive,powerpoint_slide,train
positive/computer_screen_spreadsheet_data/computer_screen_spreadsheet_data_0007_6694560_8f5d2493.png,1,positive,computer_screen_spreadsheet_data,train
positive/computer_screen_text/computer_screen_text_0010_14553704_652f846e.png,1,positive,computer_screen_text,train
positive/document_page_text/document_page_text_0014_31362773_782c8e77.png,1,positive,document_page_text,train
positive/scientific_poster_session/scientific_poster_session_0017_8851494_ef2f6db3.png,1,positive,scientific_poster_session,train
positive/open_textbook_pages_closeup/open_textbook_pages_closeup_0015_5079287_7f957738.png,1,positive,open_textbook_pages_closeup,train
positive/flip_chart_written_notes/flip_chart_written_notes_0023_8837731_83d18c1b.png,1,positive,flip_chart_written_notes,train
positive/whiteboard_writing/whiteboard_writing_0062_7989095_d981666b.png,1,positive,whiteboard_writing,train
positive/webinar_presentation_screen/webinar_presentation_screen_0017_6476266_57653d8b.png,1,positive,webinar_presentation_screen,train
positive/data_dashboard_monitor/data_dashboard_monitor_0001_5380618_fd89238e.png,1,positive,data_dashboard_monitor,train
positive/open_textbook_pages_closeup/open_textbook_pages_closeup_0024_267642_2c9d433b.png,1,positive,open_textbook_pages_closeup,train
positive/computer_screen_text/computer_screen_text_0064_34803985_84d636fd.png,1,positive,computer_screen_text,train
positive/software_terminal_screen/software_terminal_screen_0006_33349204_3edcc759.png,1,positive,software_terminal_screen,train
positive/tablet_displaying_text_document/tablet_displaying_text_document_0021_5561912_261259a2.png,1,positive,tablet_displaying_text_document,train
positive/computer_screen_text/computer_screen_text_0095_34803987_2fc1dc2e.png,1,positive,computer_screen_text,train
positive/sticky_notes_plan_whiteboard/sticky_notes_plan_whiteboard_0014_7793696_cc20c175.png,1,positive,sticky_notes_plan_whiteboard,train
positive/spreadsheet_on_computer_screen/spreadsheet_on_computer_screen_0034_34804020_ee4a8b02.png,1,positive,spreadsheet_on_computer_screen,train
positive/software_terminal_screen/software_terminal_screen_0005_14553713_b6eb1bd0.png,1,positive,software_terminal_screen,train
positive/classroom_projector_slides/classroom_projector_slides_0096_9034279_ccd066d8.png,1,positive,classroom_projector_slides,train
positive/projector_slide_screen_empty_room/projector_slide_screen_empty_room_0004_9136951_4ed59fe7.png,1,positive,projector_slide_screen_empty_room,train
positive/data_dashboard_monitor/data_dashboard_monitor_0012_36950598_75acf155.png,1,positive,data_dashboard_monitor,train
positive/laptop_screen_code/laptop_screen_code_0068_1181467_80791520.png,1,positive,laptop_screen_code,train
positive/document_page_text/document_page_text_0110_29100259_f88b7a41.png,1,positive,document_page_text,train
positive/whiteboard_writing/whiteboard_writing_0053_9034260_adc55332.png,1,positive,whiteboard_writing,train
positive/scientific_poster_session/scientific_poster_session_0012_6471424_5cd51f8b.png,1,positive,scientific_poster_session,train
positive/laptop_screen_code/laptop_screen_code_0015_37880001_62a97646.png,1,positive,laptop_screen_code,train
positive/laptop_screen_code/laptop_screen_code_0041_34804024_e15bd9df.png,1,positive,laptop_screen_code,train
positive/data_dashboard_monitor/data_dashboard_monitor_0022_8204311_5ac0b3fd.png,1,positive,data_dashboard_monitor,train
positive/tablet_displaying_text_document/tablet_displaying_text_document_0019_5561919_b766397d.png,1,positive,tablet_displaying_text_document,train
positive/whiteboard_writing/whiteboard_writing_0007_3205476_7e9bf596.png,1,positive,whiteboard_writing,train
positive/ebook_reader_tablet_text/ebook_reader_tablet_text_0004_31145644_c09f6e6b.png,1,positive,ebook_reader_tablet_text,train
positive/laptop_screen_code/laptop_screen_code_0063_5483077_b299eed3.png,1,positive,laptop_screen_code,train
positive/classroom_projector_slides/classroom_projector_slides_0077_8761334_1a15bf20.png,1,positive,classroom_projector_slides,train
positive/sticky_notes_plan_whiteboard/sticky_notes_plan_whiteboard_0008_15543126_871f710a.png,1,positive,sticky_notes_plan_whiteboard,train
positive/tablet_displaying_text_document/tablet_displaying_text_document_0017_5965889_63710c8a.png,1,positive,tablet_displaying_text_document,train
positive/classroom_projector_slides/classroom_projector_slides_0005_8761325_16fe2d1e.png,1,positive,classroom_projector_slides,train
positive/spreadsheet_on_computer_screen/spreadsheet_on_computer_screen_0013_37828832_74c145e1.png,1,positive,spreadsheet_on_computer_screen,train
positive/classroom_projector_slides/classroom_projector_slides_0034_18999470_bc3c33b4.png,1,positive,classroom_projector_slides,train
positive/ebook_reader_tablet_text/ebook_reader_tablet_text_0023_1247527_3c5a86d2.png,1,positive,ebook_reader_tablet_text,train
positive/open_textbook_pages_closeup/open_textbook_pages_closeup_0019_14265466_6bda96a2.png,1,positive,open_textbook_pages_closeup,train
positive/tablet_displaying_text_document/tablet_displaying_text_document_0002_28485962_eab5071b.png,1,positive,tablet_displaying_text_document,train
positive/classroom_projector_slides/classroom_projector_slides_0054_20849358_73ce049b.png,1,positive,classroom_projector_slides,train
positive/whiteboard_writing/whiteboard_writing_0032_5466204_fc66bc2c.png,1,positive,whiteboard_writing,train
positive/classroom_projector_slides/classroom_projector_slides_0061_34064707_9d3bf4c4.png,1,positive,classroom_projector_slides,train
positive/document_page_text/document_page_text_0117_15776155_5fc8b0f7.png,1,positive,document_page_text,train
positive/classroom_projector_slides/classroom_projector_slides_0072_7648467_b44e6322.png,1,positive,classroom_projector_slides,train
positive/classroom_projector_slides/classroom_projector_slides_0111_29329441_4726da3b.png,1,positive,classroom_projector_slides,train
positive/spreadsheet_on_computer_screen/spreadsheet_on_computer_screen_0030_6779567_8b181685.png,1,positive,spreadsheet_on_computer_screen,train
positive/computer_screen_text/computer_screen_text_0124_8653658_84469925.png,1,positive,computer_screen_text,train
positive/whiteboard_handwritten_notes_diagram/whiteboard_handwritten_notes_diagram_0014_7580853_8ae76e8e.png,1,positive,whiteboard_handwritten_notes_diagram,train
positive/classroom_projector_slides/classroom_projector_slides_0058_6340634_17319350.png,1,positive,classroom_projector_slides,train
positive/flip_chart_written_notes/flip_chart_written_notes_0012_8837189_d51c9f39.png,1,positive,flip_chart_written_notes,train
positive/data_dashboard_monitor/data_dashboard_monitor_0003_32026165_8f61880a.png,1,positive,data_dashboard_monitor,train
positive/classroom_projector_slides/classroom_projector_slides_0062_33986514_98a33333.png,1,positive,classroom_projector_slides,train
positive/webinar_presentation_screen/webinar_presentation_screen_0010_4443189_483049c4.png,1,positive,webinar_presentation_screen,train
positive/document_page_text/document_page_text_0029_34578279_5d045aeb.png,1,positive,document_page_text,train
positive/document_page_text/document_page_text_0091_9258343_d9132a4e.png,1,positive,document_page_text,train
positive/powerpoint_slide/powerpoint_slide_0089_8463140_883b3656.png,1,positive,powerpoint_slide,train
positive/computer_screen_text/computer_screen_text_0011_9830817_eb533bbb.png,1,positive,computer_screen_text,train
positive/classroom_projector_slides/classroom_projector_slides_0117_9034235_0114068a.png,1,positive,classroom_projector_slides,train
positive/document_page_text/document_page_text_0109_4237505_bef82c45.png,1,positive,document_page_text,train
positive/whiteboard_writing/whiteboard_writing_0013_6803528_33f30724.png,1,positive,whiteboard_writing,train
positive/classroom_projector_slides/classroom_projector_slides_0092_10646408_e30d1e3b.png,1,positive,classroom_projector_slides,train
positive/whiteboard_writing/whiteboard_writing_0055_3825500_d7bec87a.png,1,positive,whiteboard_writing,train
positive/whiteboard_writing/whiteboard_writing_0045_7869303_17c2bd2c.png,1,positive,whiteboard_writing,train
positive/video_conference_meeting_screen/video_conference_meeting_screen_0008_29284261_7e58affc.png,1,positive,video_conference_meeting_screen,train
positive/classroom_projector_slides/classroom_projector_slides_0131_9832023_95905f07.png,1,positive,classroom_projector_slides,train
positive/lecture_hall_screen/lecture_hall_screen_0001_3866658_3a590eb9.png,1,positive,lecture_hall_screen,train
positive/computer_screen_text/computer_screen_text_0139_943096_c1b91d8b.png,1,positive,computer_screen_text,train
positive/whiteboard_handwritten_notes_diagram/whiteboard_handwritten_notes_diagram_0004_6326053_efb42a3f.png,1,positive,whiteboard_handwritten_notes_diagram,train
positive/document_page_text/document_page_text_0139_19561464_68468689.png,1,positive,document_page_text,train
positive/video_conference_meeting_screen/video_conference_meeting_screen_0007_12911788_3ec9802e.png,1,positive,video_conference_meeting_screen,train
positive/conference_keynote_presentation/conference_keynote_presentation_0017_14303316_053d557c.png,1,positive,conference_keynote_presentation,train
positive/online_course_lecture_video/online_course_lecture_video_0007_6325959_6f73d4b4.png,1,positive,online_course_lecture_video,train
positive/coding_tutorial_laptop/coding_tutorial_laptop_0002_17115911_05ac03b4.png,1,positive,coding_tutorial_laptop,train
positive/ebook_reader_tablet_text/ebook_reader_tablet_text_0025_1247523_bb6c20a6.png,1,positive,ebook_reader_tablet_text,train
positive/document_page_text/document_page_text_0107_7874006_5ee683fd.png,1,positive,document_page_text,train
positive/computer_screen_text/computer_screen_text_0129_270623_70b47e4f.png,1,positive,computer_screen_text,train
positive/powerpoint_slide/powerpoint_slide_0027_7947842_eb047d39.png,1,positive,powerpoint_slide,train
positive/document_page_text/document_page_text_0035_15289290_496fec83.png,1,positive,document_page_text,train
positive/document_page_text/document_page_text_0121_20530963_67da6090.png,1,positive,document_page_text,train
positive/computer_screen_text/computer_screen_text_0018_9832466_e2e7219e.png,1,positive,computer_screen_text,train
positive/whiteboard_writing/whiteboard_writing_0074_8851603_0cf3b70c.png,1,positive,whiteboard_writing,train
positive/conference_keynote_presentation/conference_keynote_presentation_0014_10401263_1e4d91f2.png,1,positive,conference_keynote_presentation,train
positive/document_page_text/document_page_text_0012_2294878_60ba289a.png,1,positive,document_page_text,train
positive/coding_tutorial_laptop/coding_tutorial_laptop_0004_34803997_5473d202.png,1,positive,coding_tutorial_laptop,train
positive/classroom_projector_slides/classroom_projector_slides_0068_159806_78cb9c54.png,1,positive,classroom_projector_slides,train
positive/projector_screen_presentation/projector_screen_presentation_0019_18999282_d6951242.png,1,positive,projector_screen_presentation,train
positive/powerpoint_slide/powerpoint_slide_0058_8067863_fd968d83.png,1,positive,powerpoint_slide,train
positive/webinar_presentation_screen/webinar_presentation_screen_0020_6476595_35fb942e.png,1,positive,webinar_presentation_screen,train
positive/open_textbook_pages_closeup/open_textbook_pages_closeup_0003_3860983_84927927.png,1,positive,open_textbook_pages_closeup,train
positive/powerpoint_slide/powerpoint_slide_0072_8555673_b60ea70f.png,1,positive,powerpoint_slide,train
positive/computer_screen_text/computer_screen_text_0088_34804018_b9fa2255.png,1,positive,computer_screen_text,train
positive/classroom_projector_slides/classroom_projector_slides_0038_15225230_da71bdec.png,1,positive,classroom_projector_slides,train
positive/lecture_hall_screen/lecture_hall_screen_0009_8068069_4b6ab623.png,1,positive,lecture_hall_screen,train
positive/powerpoint_slide/powerpoint_slide_0004_8555677_fe26dab4.png,1,positive,powerpoint_slide,train
positive/whiteboard_writing/whiteboard_writing_0051_7869302_6b6aa397.png,1,positive,whiteboard_writing,train
positive/whiteboard_writing/whiteboard_writing_0018_8923996_6fb06a14.png,1,positive,whiteboard_writing,train
positive/ebook_reader_tablet_text/ebook_reader_tablet_text_0017_31145638_a977fa80.png,1,positive,ebook_reader_tablet_text,train
positive/software_terminal_screen/software_terminal_screen_0008_36724030_9131480f.png,1,positive,software_terminal_screen,train
positive/document_page_text/document_page_text_0019_13352800_93858869.png,1,positive,document_page_text,train
positive/classroom_projector_slides/classroom_projector_slides_0076_6340629_644abe71.png,1,positive,classroom_projector_slides,train
positive/computer_screen_text/computer_screen_text_0123_574077_57276266.png,1,positive,computer_screen_text,train
positive/classroom_projector_slides/classroom_projector_slides_0055_7234411_d3002854.png,1,positive,classroom_projector_slides,train
positive/video_conference_meeting_screen/video_conference_meeting_screen_0001_4443197_1a0e9abb.png,1,positive,video_conference_meeting_screen,train
positive/classroom_projector_slides/classroom_projector_slides_0134_8761318_ff67dd09.png,1,positive,classroom_projector_slides,train
positive/document_page_text/document_page_text_0040_8466090_427a3e65.png,1,positive,document_page_text,train
positive/document_page_text/document_page_text_0092_5257932_4031f2eb.png,1,positive,document_page_text,train
positive/computer_screen_text/computer_screen_text_0029_14553709_581b5985.png,1,positive,computer_screen_text,train
positive/scientific_poster_session/scientific_poster_session_0004_7012268_4b4f6fda.png,1,positive,scientific_poster_session,train
positive/computer_screen_spreadsheet_data/computer_screen_spreadsheet_data_0003_9464856_c22fec9e.png,1,positive,computer_screen_spreadsheet_data,train
positive/whiteboard_writing/whiteboard_writing_0038_8369597_502a353e.png,1,positive,whiteboard_writing,train
positive/ebook_reader_tablet_text/ebook_reader_tablet_text_0019_7507126_bae64936.png,1,positive,ebook_reader_tablet_text,train
positive/conference_keynote_presentation/conference_keynote_presentation_0023_35335976_0f428dc7.png,1,positive,conference_keynote_presentation,train
positive/computer_screen_text/computer_screen_text_0072_270557_db6b3654.png,1,positive,computer_screen_text,train
positive/computer_screen_text/computer_screen_text_0025_4816921_e8f9cc5f.png,1,positive,computer_screen_text,train
positive/classroom_projector_slides/classroom_projector_slides_0055_9182244_ee477056.png,1,positive,classroom_projector_slides,train
positive/lecture_hall_screen/lecture_hall_screen_0004_3709369_f77a4ebc.png,1,positive,lecture_hall_screen,train
positive/whiteboard_handwritten_notes_diagram/whiteboard_handwritten_notes_diagram_0012_8370424_8cb60493.png,1,positive,whiteboard_handwritten_notes_diagram,train
positive/document_page_text/document_page_text_0050_29179299_d4de23ff.png,1,positive,document_page_text,train
positive/projector_screen_presentation/projector_screen_presentation_0052_30561676_caa02e8a.png,1,positive,projector_screen_presentation,train
positive/projector_screen_presentation/projector_screen_presentation_0074_29180786_38ffb1c4.png,1,positive,projector_screen_presentation,train
positive/computer_screen_text/computer_screen_text_0100_8036328_794d849c.png,1,positive,computer_screen_text,train
positive/document_page_text/document_page_text_0127_29391651_98b5d2db.png,1,positive,document_page_text,train
positive/ebook_reader_tablet_text/ebook_reader_tablet_text_0024_11660268_afa05323.png,1,positive,ebook_reader_tablet_text,train
positive/whiteboard_writing/whiteboard_writing_0030_3781338_720f29e3.png,1,positive,whiteboard_writing,train
positive/classroom_projector_slides/classroom_projector_slides_0125_5905530_a853dad0.png,1,positive,classroom_projector_slides,train
positive/spreadsheet_on_computer_screen/spreadsheet_on_computer_screen_0031_326512_f05af637.png,1,positive,spreadsheet_on_computer_screen,train
positive/open_textbook_pages_closeup/open_textbook_pages_closeup_0001_4817203_26f95bf7.png,1,positive,open_textbook_pages_closeup,train
positive/document_page_text/document_page_text_0073_19451401_7afa820a.png,1,positive,document_page_text,train
positive/flip_chart_written_notes/flip_chart_written_notes_0005_8485866_222f41fd.png,1,positive,flip_chart_written_notes,train
positive/webinar_presentation_screen/webinar_presentation_screen_0008_7516348_4ddf98de.png,1,positive,webinar_presentation_screen,train
positive/document_page_text/document_page_text_0060_6956355_8ae3a515.png,1,positive,document_page_text,train
positive/conference_keynote_presentation/conference_keynote_presentation_0004_4940642_5d272bfe.png,1,positive,conference_keynote_presentation,train
positive/video_conference_meeting_screen/video_conference_meeting_screen_0010_8441855_f53c9afc.png,1,positive,video_conference_meeting_screen,train
positive/ebook_reader_tablet_text/ebook_reader_tablet_text_0032_20649082_7b8597e1.png,1,positive,ebook_reader_tablet_text,train
positive/data_dashboard_monitor/data_dashboard_monitor_0016_12969403_d2978dc6.png,1,positive,data_dashboard_monitor,train
positive/document_page_text/document_page_text_0098_13184857_b86e0e86.png,1,positive,document_page_text,train
positive/computer_screen_text/computer_screen_text_0017_374559_559748e9.png,1,positive,computer_screen_text,train
positive/presentation_slide_screen_closeup/presentation_slide_screen_closeup_0002_34774337_55e01592.png,1,positive,presentation_slide_screen_closeup,train
positive/computer_screen_text/computer_screen_text_0119_330771_d7140711.png,1,positive,computer_screen_text,train
positive/online_course_lecture_video/online_course_lecture_video_0022_6325970_61a4bf4a.png,1,positive,online_course_lecture_video,train
positive/lecture_hall_screen/lecture_hall_screen_0010_17081979_7eb91d61.png,1,positive,lecture_hall_screen,train
positive/data_dashboard_monitor/data_dashboard_monitor_0013_9592034_e32c4a94.png,1,positive,data_dashboard_monitor,train
positive/classroom_projector_slides/classroom_projector_slides_0066_18999455_97e9212c.png,1,positive,classroom_projector_slides,train
positive/lecture_hall_screen/lecture_hall_screen_0005_5552640_b119ca86.png,1,positive,lecture_hall_screen,train
positive/powerpoint_slide/powerpoint_slide_0129_36894415_c06eb72a.png,1,positive,powerpoint_slide,train
positive/data_dashboard_monitor/data_dashboard_monitor_0031_36755611_d574d19f.png,1,positive,data_dashboard_monitor,train
positive/spreadsheet_on_computer_screen/spreadsheet_on_computer_screen_0025_9260568_9a1c08d0.png,1,positive,spreadsheet_on_computer_screen,train
positive/computer_screen_text/computer_screen_text_0115_6913311_a7d6943b.png,1,positive,computer_screen_text,train
positive/conference_keynote_presentation/conference_keynote_presentation_0012_10401279_ccba3a3d.png,1,positive,conference_keynote_presentation,train
positive/webinar_presentation_screen/webinar_presentation_screen_0006_7245808_c6c93939.png,1,positive,webinar_presentation_screen,train
positive/video_conference_meeting_screen/video_conference_meeting_screen_0027_4226261_713ff324.png,1,positive,video_conference_meeting_screen,train
positive/computer_screen_text/computer_screen_text_0038_5473313_7e8a7354.png,1,positive,computer_screen_text,train
positive/laptop_screen_code/laptop_screen_code_0064_92904_b5c478e0.png,1,positive,laptop_screen_code,train
positive/document_page_text/document_page_text_0056_15570514_5a2ec905.png,1,positive,document_page_text,train
positive/document_page_text/document_page_text_0083_6857554_310fbebb.png,1,positive,document_page_text,train
positive/powerpoint_slide/powerpoint_slide_0136_8555674_96554a65.png,1,positive,powerpoint_slide,train
positive/computer_screen_text/computer_screen_text_0056_7444597_8e8d38cd.png,1,positive,computer_screen_text,train
positive/whiteboard_writing/whiteboard_writing_0023_8519084_d296bf10.png,1,positive,whiteboard_writing,train
positive/spreadsheet_on_computer_screen/spreadsheet_on_computer_screen_0003_7947999_8ce3b990.png,1,positive,spreadsheet_on_computer_screen,train
positive/classroom_projector_slides/classroom_projector_slides_0106_20849360_1aca1391.png,1,positive,classroom_projector_slides,train
positive/powerpoint_slide/powerpoint_slide_0101_7964254_6b5c2472.png,1,positive,powerpoint_slide,train
positive/powerpoint_slide/powerpoint_slide_0071_7948062_e773cbf3.png,1,positive,powerpoint_slide,train
positive/document_page_text/document_page_text_0010_8654775_db4601b0.png,1,positive,document_page_text,train
positive/document_page_text/document_page_text_0135_2422178_5ab5b833.png,1,positive,document_page_text,train
positive/flip_chart_written_notes/flip_chart_written_notes_0013_9034246_3ca713c7.png,1,positive,flip_chart_written_notes,train
positive/data_dashboard_monitor/data_dashboard_monitor_0029_5380642_ec2daea7.png,1,positive,data_dashboard_monitor,train
positive/classroom_projector_slides/classroom_projector_slides_0032_8761513_ca6c1daa.png,1,positive,classroom_projector_slides,train
positive/powerpoint_slide/powerpoint_slide_0116_8555915_2f14c988.png,1,positive,powerpoint_slide,train
positive/classroom_projector_slides/classroom_projector_slides_0001_10646413_147c6472.png,1,positive,classroom_projector_slides,train
positive/whiteboard_writing/whiteboard_writing_0022_10499057_3dd2f4ac.png,1,positive,whiteboard_writing,train
positive/laptop_screen_code/laptop_screen_code_0070_12899156_1256e122.png,1,positive,laptop_screen_code,train
positive/flip_chart_written_notes/flip_chart_written_notes_0009_8485873_91e5a607.png,1,positive,flip_chart_written_notes,train
positive/laptop_screen_code/laptop_screen_code_0051_34804001_334b054a.png,1,positive,laptop_screen_code,train
positive/conference_keynote_presentation/conference_keynote_presentation_0029_8872477_e9163c38.png,1,positive,conference_keynote_presentation,train
positive/document_page_text/document_page_text_0122_7841413_5a3b7d64.png,1,positive,document_page_text,train
positive/powerpoint_slide/powerpoint_slide_0069_5716026_c34c6f11.png,1,positive,powerpoint_slide,train
positive/classroom_projector_slides/classroom_projector_slides_0102_7743256_666d953d.png,1,positive,classroom_projector_slides,train
positive/lecture_hall_screen/lecture_hall_screen_0014_29534728_1ac8de24.png,1,positive,lecture_hall_screen,train
positive/document_page_text/document_page_text_0131_5993627_c56e0292.png,1,positive,document_page_text,train
positive/scientific_poster_session/scientific_poster_session_0005_12319354_ecf31f80.png,1,positive,scientific_poster_session,train
positive/projector_screen_presentation/projector_screen_presentation_0075_9034791_0538ecac.png,1,positive,projector_screen_presentation,train
positive/computer_screen_text/computer_screen_text_0022_36571389_93cc59c1.png,1,positive,computer_screen_text,train
positive/whiteboard_writing/whiteboard_writing_0059_7366_05aca5b5.png,1,positive,whiteboard_writing,train
positive/video_conference_meeting_screen/video_conference_meeting_screen_0012_7437492_c8dd84eb.png,1,positive,video_conference_meeting_screen,train
positive/document_page_text/document_page_text_0017_7841841_6beab4ff.png,1,positive,document_page_text,train
positive/computer_screen_text/computer_screen_text_0059_8247921_6007f112.png,1,positive,computer_screen_text,train
positive/powerpoint_slide/powerpoint_slide_0111_15290021_01a0c1ea.png,1,positive,powerpoint_slide,train
positive/document_page_text/document_page_text_0061_6235433_86984126.png,1,positive,document_page_text,train
positive/classroom_projector_slides/classroom_projector_slides_0065_8465505_35524e84.png,1,positive,classroom_projector_slides,train
positive/data_dashboard_monitor/data_dashboard_monitor_0018_10653886_61ca261f.png,1,positive,data_dashboard_monitor,train
positive/computer_screen_text/computer_screen_text_0077_6424585_2e7662a1.png,1,positive,computer_screen_text,train
positive/computer_screen_spreadsheet_data/computer_screen_spreadsheet_data_0006_5833263_824ed564.png,1,positive,computer_screen_spreadsheet_data,train
positive/powerpoint_slide/powerpoint_slide_0105_9301249_7e2b9fd6.png,1,positive,powerpoint_slide,train
positive/computer_screen_text/computer_screen_text_0120_5935788_c87ed258.png,1,positive,computer_screen_text,train
positive/online_course_lecture_video/online_course_lecture_video_0018_7120897_1f2ed32e.png,1,positive,online_course_lecture_video,train
positive/document_page_text/document_page_text_0115_18420922_e4007dfb.png,1,positive,document_page_text,train
positive/computer_screen_text/computer_screen_text_0034_159299_14af3373.png,1,positive,computer_screen_text,train
positive/scientific_poster_session/scientific_poster_session_0025_7859575_319b3563.png,1,positive,scientific_poster_session,train
positive/computer_screen_text/computer_screen_text_0041_270373_9f977507.png,1,positive,computer_screen_text,train
positive/classroom_projector_slides/classroom_projector_slides_0075_20849361_cec997d6.png,1,positive,classroom_projector_slides,train
positive/flip_chart_written_notes/flip_chart_written_notes_0024_6937827_1cb7f8b4.png,1,positive,flip_chart_written_notes,train
positive/projector_screen_presentation/projector_screen_presentation_0051_9034718_72c11163.png,1,positive,projector_screen_presentation,train
positive/flip_chart_written_notes/flip_chart_written_notes_0011_8837720_6d424652.png,1,positive,flip_chart_written_notes,train
positive/document_page_text/document_page_text_0130_16274709_7a4a9ac2.png,1,positive,document_page_text,train
positive/classroom_projector_slides/classroom_projector_slides_0099_8761559_55499101.png,1,positive,classroom_projector_slides,train
positive/laptop_screen_code/laptop_screen_code_0003_226232_bb47f931.png,1,positive,laptop_screen_code,train
positive/sticky_notes_plan_whiteboard/sticky_notes_plan_whiteboard_0017_8866815_fb39cda8.png,1,positive,sticky_notes_plan_whiteboard,train
positive/flip_chart_written_notes/flip_chart_written_notes_0003_7964499_405e6aec.png,1,positive,flip_chart_written_notes,train
positive/projector_screen_presentation/projector_screen_presentation_0036_8424459_cda73646.png,1,positive,projector_screen_presentation,train
positive/video_conference_meeting_screen/video_conference_meeting_screen_0026_5918386_4eb2ada1.png,1,positive,video_conference_meeting_screen,train
positive/computer_screen_text/computer_screen_text_0066_270366_40eafe62.png,1,positive,computer_screen_text,train
positive/sticky_notes_plan_whiteboard/sticky_notes_plan_whiteboard_0004_8866800_d6419939.png,1,positive,sticky_notes_plan_whiteboard,train
positive/open_textbook_pages_closeup/open_textbook_pages_closeup_0006_261821_e38cfdb0.png,1,positive,open_textbook_pages_closeup,train
positive/document_page_text/document_page_text_0036_15591240_18bc7681.png,1,positive,document_page_text,train
positive/document_page_text/document_page_text_0006_15591238_8a31cdb9.png,1,positive,document_page_text,train
positive/document_page_text/document_page_text_0032_27791650_55568b65.png,1,positive,document_page_text,train
positive/computer_screen_text/computer_screen_text_0097_9831610_f19b6a29.png,1,positive,computer_screen_text,train
positive/whiteboard_writing/whiteboard_writing_0043_6503132_8c27dbf7.png,1,positive,whiteboard_writing,train
positive/whiteboard_handwritten_notes_diagram/whiteboard_handwritten_notes_diagram_0016_7989093_aba2b45e.png,1,positive,whiteboard_handwritten_notes_diagram,train
positive/tablet_displaying_text_document/tablet_displaying_text_document_0008_6914056_104896e6.png,1,positive,tablet_displaying_text_document,train
positive/computer_screen_text/computer_screen_text_0140_3861976_71bc20bd.png,1,positive,computer_screen_text,train
positive/classroom_projector_slides/classroom_projector_slides_0014_6340630_cc87f70f.png,1,positive,classroom_projector_slides,train
positive/whiteboard_writing/whiteboard_writing_0037_1181535_f5c76ea2.png,1,positive,whiteboard_writing,train
positive/whiteboard_writing/whiteboard_writing_0001_6503096_a4b57bf4.png,1,positive,whiteboard_writing,train
positive/whiteboard_writing/whiteboard_writing_0056_6774145_d32fe338.png,1,positive,whiteboard_writing,train
positive/classroom_projector_slides/classroom_projector_slides_0079_8141591_8de01a7b.png,1,positive,classroom_projector_slides,train
positive/computer_screen_text/computer_screen_text_0107_177598_93a4b889.png,1,positive,computer_screen_text,train
positive/document_page_text/document_page_text_0062_29182968_e68ed130.png,1,positive,document_page_text,train
positive/whiteboard_writing/whiteboard_writing_0015_5310564_5f526a7a.png,1,positive,whiteboard_writing,train
positive/whiteboard_writing/whiteboard_writing_0057_17724751_3cb45af7.png,1,positive,whiteboard_writing,train
positive/open_textbook_pages_closeup/open_textbook_pages_closeup_0004_11738391_736f5559.png,1,positive,open_textbook_pages_closeup,train
positive/webinar_presentation_screen/webinar_presentation_screen_0022_15141498_7aba2ce9.png,1,positive,webinar_presentation_screen,train
positive/classroom_projector_slides/classroom_projector_slides_0047_20849353_9facd8bd.png,1,positive,classroom_projector_slides,train
positive/flip_chart_written_notes/flip_chart_written_notes_0001_15543110_ec18e4da.png,1,positive,flip_chart_written_notes,train
positive/computer_screen_text/computer_screen_text_0040_30530406_ea6ae430.png,1,positive,computer_screen_text,train
positive/online_course_lecture_video/online_course_lecture_video_0015_6325956_5e6d9db2.png,1,positive,online_course_lecture_video,train
positive/online_course_lecture_video/online_course_lecture_video_0021_6325961_b81e19a6.png,1,positive,online_course_lecture_video,train
positive/sticky_notes_plan_whiteboard/sticky_notes_plan_whiteboard_0026_17714156_ad5f8a0a.png,1,positive,sticky_notes_plan_whiteboard,train
positive/coding_tutorial_laptop/coding_tutorial_laptop_0005_102061_5adb5de1.png,1,positive,coding_tutorial_laptop,train
positive/classroom_projector_slides/classroom_projector_slides_0083_6340656_b141ea9b.png,1,positive,classroom_projector_slides,train
positive/software_terminal_screen/software_terminal_screen_0004_5380589_886cd0d6.png,1,positive,software_terminal_screen,train
positive/powerpoint_slide/powerpoint_slide_0094_9034719_8b008e0b.png,1,positive,powerpoint_slide,train
positive/whiteboard_writing/whiteboard_writing_0042_6929204_57438b24.png,1,positive,whiteboard_writing,train
positive/ebook_reader_tablet_text/ebook_reader_tablet_text_0035_28485960_8d04cec6.png,1,positive,ebook_reader_tablet_text,train
positive/projector_screen_presentation/projector_screen_presentation_0073_8154799_8bf800b1.png,1,positive,projector_screen_presentation,train
positive/computer_screen_text/computer_screen_text_0021_4976712_3d45e8ec.png,1,positive,computer_screen_text,train
positive/online_course_lecture_video/online_course_lecture_video_0003_6266990_362ed36a.png,1,positive,online_course_lecture_video,train
positive/data_dashboard_monitor/data_dashboard_monitor_0015_34069_c003a141.png,1,positive,data_dashboard_monitor,train
positive/data_dashboard_monitor/data_dashboard_monitor_0005_577210_affa8e9d.png,1,positive,data_dashboard_monitor,train
positive/sticky_notes_plan_whiteboard/sticky_notes_plan_whiteboard_0012_6592723_9f8024ed.png,1,positive,sticky_notes_plan_whiteboard,train
positive/ebook_reader_tablet_text/ebook_reader_tablet_text_0022_29205255_488a7809.png,1,positive,ebook_reader_tablet_text,train
positive/computer_screen_text/computer_screen_text_0112_16245253_9e686699.png,1,positive,computer_screen_text,train
positive/document_page_text/document_page_text_0015_29245005_84a1b7ac.png,1,positive,document_page_text,train
positive/computer_screen_text/computer_screen_text_0039_37657434_938c8cf4.png,1,positive,computer_screen_text,train
positive/powerpoint_slide/powerpoint_slide_0078_6476572_73092fce.png,1,positive,powerpoint_slide,train
positive/flip_chart_written_notes/flip_chart_written_notes_0010_8124379_851d1567.png,1,positive,flip_chart_written_notes,train
positive/computer_screen_text/computer_screen_text_0074_5483248_cd0303a8.png,1,positive,computer_screen_text,train
positive/laptop_screen_code/laptop_screen_code_0025_160107_f2f491fd.png,1,positive,laptop_screen_code,train
positive/projector_screen_presentation/projector_screen_presentation_0031_9034732_689fcb90.png,1,positive,projector_screen_presentation,train
positive/ebook_reader_tablet_text/ebook_reader_tablet_text_0030_6596188_32900a92.png,1,positive,ebook_reader_tablet_text,train
positive/spreadsheet_on_computer_screen/spreadsheet_on_computer_screen_0007_7693224_f9f20c1e.png,1,positive,spreadsheet_on_computer_screen,train
positive/spreadsheet_on_computer_screen/spreadsheet_on_computer_screen_0002_8296982_494c9e1e.png,1,positive,spreadsheet_on_computer_screen,train
positive/computer_screen_text/computer_screen_text_0047_34804023_803e32b5.png,1,positive,computer_screen_text,train
positive/conference_keynote_presentation/conference_keynote_presentation_0005_29708260_8a76cb06.png,1,positive,conference_keynote_presentation,train
positive/computer_screen_text/computer_screen_text_0015_7983364_9ad69743.png,1,positive,computer_screen_text,train
positive/online_course_lecture_video/online_course_lecture_video_0023_8199135_4dd02544.png,1,positive,online_course_lecture_video,train
positive/computer_screen_text/computer_screen_text_0093_270632_9b29f1e1.png,1,positive,computer_screen_text,train
positive/whiteboard_writing/whiteboard_writing_0049_17724742_1c29a144.png,1,positive,whiteboard_writing,train
positive/document_page_text/document_page_text_0078_11860316_ffca8b44.png,1,positive,document_page_text,train
positive/whiteboard_writing/whiteboard_writing_0075_8851601_10a3acef.png,1,positive,whiteboard_writing,train
positive/document_page_text/document_page_text_0087_8704346_f2204fac.png,1,positive,document_page_text,train
positive/projector_screen_presentation/projector_screen_presentation_0030_15141547_c7136203.png,1,positive,projector_screen_presentation,train
positive/computer_screen_text/computer_screen_text_0008_4509131_d729e533.png,1,positive,computer_screen_text,train
positive/video_conference_meeting_screen/video_conference_meeting_screen_0021_7643896_28b34829.png,1,positive,video_conference_meeting_screen,train
positive/scientific_poster_session/scientific_poster_session_0024_5428153_9959b6d8.png,1,positive,scientific_poster_session,train
positive/computer_screen_text/computer_screen_text_0009_256502_d1304f08.png,1,positive,computer_screen_text,train
positive/data_dashboard_monitor/data_dashboard_monitor_0033_8353773_bf19e9b4.png,1,positive,data_dashboard_monitor,train
positive/computer_screen_text/computer_screen_text_0014_16027822_7c6dae0f.png,1,positive,computer_screen_text,train
positive/open_textbook_pages_closeup/open_textbook_pages_closeup_0020_4567481_8c05ea01.png,1,positive,open_textbook_pages_closeup,train
positive/classroom_projector_slides/classroom_projector_slides_0046_18800449_582d0d60.png,1,positive,classroom_projector_slides,train
positive/document_page_text/document_page_text_0126_16196048_3ad48e36.png,1,positive,document_page_text,train
positive/flip_chart_written_notes/flip_chart_written_notes_0014_6914470_a7ee0a7e.png,1,positive,flip_chart_written_notes,train
positive/video_conference_meeting_screen/video_conference_meeting_screen_0013_1181745_eb8a1161.png,1,positive,video_conference_meeting_screen,train
positive/sticky_notes_plan_whiteboard/sticky_notes_plan_whiteboard_0018_15505431_0d4ed56e.png,1,positive,sticky_notes_plan_whiteboard,train
positive/computer_screen_text/computer_screen_text_0122_7661627_bc7fc195.png,1,positive,computer_screen_text,train
positive/tablet_displaying_text_document/tablet_displaying_text_document_0010_8919510_187ff767.png,1,positive,tablet_displaying_text_document,train
positive/classroom_projector_slides/classroom_projector_slides_0039_8761560_eef0f678.png,1,positive,classroom_projector_slides,train
positive/whiteboard_writing/whiteboard_writing_0079_8101766_159b0360.png,1,positive,whiteboard_writing,train
positive/classroom_projector_slides/classroom_projector_slides_0114_10036827_c2cdf7b4.png,1,positive,classroom_projector_slides,train
positive/conference_keynote_presentation/conference_keynote_presentation_0009_8345975_9d37fcf3.png,1,positive,conference_keynote_presentation,train
positive/document_page_text/document_page_text_0054_7969733_96161a3a.png,1,positive,document_page_text,train
positive/document_page_text/document_page_text_0094_11948527_76a15957.png,1,positive,document_page_text,train
positive/lecture_hall_screen/lecture_hall_screen_0018_32731345_1c548079.png,1,positive,lecture_hall_screen,train
positive/computer_screen_text/computer_screen_text_0133_9830840_2efb1694.png,1,positive,computer_screen_text,train
positive/data_dashboard_monitor/data_dashboard_monitor_0019_8353809_5c5bd3a3.png,1,positive,data_dashboard_monitor,train
positive/laptop_screen_code/laptop_screen_code_0044_7988086_eb50eeaf.png,1,positive,laptop_screen_code,train
positive/powerpoint_slide/powerpoint_slide_0048_5424635_fefc0555.png,1,positive,powerpoint_slide,train
positive/ebook_reader_tablet_text/ebook_reader_tablet_text_0029_7540257_5dc004d9.png,1,positive,ebook_reader_tablet_text,train
positive/computer_screen_text/computer_screen_text_0035_34804022_690718a4.png,1,positive,computer_screen_text,train
positive/scientific_poster_session/scientific_poster_session_0020_7013909_7ec138b4.png,1,positive,scientific_poster_session,train
positive/laptop_screen_code/laptop_screen_code_0040_7988114_ca0fd650.png,1,positive,laptop_screen_code,train
positive/classroom_projector_slides/classroom_projector_slides_0132_9034771_234d526f.png,1,positive,classroom_projector_slides,train
positive/powerpoint_slide/powerpoint_slide_0054_29627312_0ed2407b.png,1,positive,powerpoint_slide,train
positive/software_terminal_screen/software_terminal_screen_0009_34803998_26592116.png,1,positive,software_terminal_screen,train
positive/tablet_displaying_text_document/tablet_displaying_text_document_0005_6913330_95bc5b52.png,1,positive,tablet_displaying_text_document,train
positive/conference_keynote_presentation/conference_keynote_presentation_0010_8872474_29ca0685.png,1,positive,conference_keynote_presentation,train
positive/computer_screen_text/computer_screen_text_0127_9830816_277ca00c.png,1,positive,computer_screen_text,train
positive/video_conference_meeting_screen/video_conference_meeting_screen_0005_34676331_a96e34d8.png,1,positive,video_conference_meeting_screen,train
positive/online_course_lecture_video/online_course_lecture_video_0033_16924772_5d81b506.png,1,positive,online_course_lecture_video,train
positive/sticky_notes_plan_whiteboard/sticky_notes_plan_whiteboard_0013_7430339_dfeee7c8.png,1,positive,sticky_notes_plan_whiteboard,train
positive/classroom_projector_slides/classroom_projector_slides_0066_20849350_dc9ad686.png,1,positive,classroom_projector_slides,train
positive/classroom_projector_slides/classroom_projector_slides_0063_5515483_59262b74.png,1,positive,classroom_projector_slides,train
positive/whiteboard_writing/whiteboard_writing_0006_15543041_a8357c44.png,1,positive,whiteboard_writing,train
positive/whiteboard_handwritten_notes_diagram/whiteboard_handwritten_notes_diagram_0001_5023567_1c5019f5.png,1,positive,whiteboard_handwritten_notes_diagram,train
positive/conference_keynote_presentation/conference_keynote_presentation_0008_31129059_faefbd99.png,1,positive,conference_keynote_presentation,train
positive/powerpoint_slide/powerpoint_slide_0005_15141545_1b753062.png,1,positive,powerpoint_slide,train
positive/lecture_hall_screen/lecture_hall_screen_0003_14612128_383c85c3.png,1,positive,lecture_hall_screen,train
positive/document_page_text/document_page_text_0079_5929346_7ee943e1.png,1,positive,document_page_text,train
positive/ebook_reader_tablet_text/ebook_reader_tablet_text_0005_3806168_b28f927a.png,1,positive,ebook_reader_tablet_text,train
positive/computer_screen_text/computer_screen_text_0007_16027823_9715a165.png,1,positive,computer_screen_text,train
positive/sticky_notes_plan_whiteboard/sticky_notes_plan_whiteboard_0019_1181481_d6092d91.png,1,positive,sticky_notes_plan_whiteboard,train
positive/computer_screen_text/computer_screen_text_0057_14553705_1ba6145b.png,1,positive,computer_screen_text,train
positive/flip_chart_written_notes/flip_chart_written_notes_0002_8837493_6dd74fae.png,1,positive,flip_chart_written_notes,train
positive/projector_screen_presentation/projector_screen_presentation_0056_18999275_2cc741d8.png,1,positive,projector_screen_presentation,train
positive/document_page_text/document_page_text_0027_7233371_8c892684.png,1,positive,document_page_text,train
positive/computer_screen_spreadsheet_data/computer_screen_spreadsheet_data_0005_4604639_4f7d0432.png,1,positive,computer_screen_spreadsheet_data,train
positive/computer_screen_text/computer_screen_text_0049_5242012_48a9b598.png,1,positive,computer_screen_text,train
positive/spreadsheet_on_computer_screen/spreadsheet_on_computer_screen_0016_15335017_28571b1c.png,1,positive,spreadsheet_on_computer_screen,train
positive/online_course_lecture_video/online_course_lecture_video_0016_6326382_338bf884.png,1,positive,online_course_lecture_video,train
positive/classroom_projector_slides/classroom_projector_slides_0076_8761316_3e2c891c.png,1,positive,classroom_projector_slides,train
positive/scientific_poster_session/scientific_poster_session_0008_7013913_79ddadca.png,1,positive,scientific_poster_session,train
positive/projector_screen_presentation/projector_screen_presentation_0048_7648507_f39ee3b7.png,1,positive,projector_screen_presentation,train
positive/laptop_screen_code/laptop_screen_code_0077_9474020_f21ee01c.png,1,positive,laptop_screen_code,train
positive/document_page_text/document_page_text_0081_34198969_499d675c.png,1,positive,document_page_text,train
positive/classroom_projector_slides/classroom_projector_slides_0120_6602623_246a3f1c.png,1,positive,classroom_projector_slides,train
positive/sticky_notes_plan_whiteboard/sticky_notes_plan_whiteboard_0023_15543118_1c210956.png,1,positive,sticky_notes_plan_whiteboard,train
positive/projector_screen_presentation/projector_screen_presentation_0063_15141516_e09a1b4c.png,1,positive,projector_screen_presentation,train
positive/document_page_text/document_page_text_0123_612997_d66efa3f.png,1,positive,document_page_text,train
positive/classroom_projector_slides/classroom_projector_slides_0036_14936227_452a913b.png,1,positive,classroom_projector_slides,train
positive/whiteboard_writing/whiteboard_writing_0012_7364_98c6e032.png,1,positive,whiteboard_writing,train
positive/video_conference_meeting_screen/video_conference_meeting_screen_0017_4226140_36b469d5.png,1,positive,video_conference_meeting_screen,train
positive/whiteboard_writing/whiteboard_writing_0069_7989090_1f8e4f0a.png,1,positive,whiteboard_writing,train
positive/powerpoint_slide/powerpoint_slide_0137_7948005_41edba52.png,1,positive,powerpoint_slide,train
positive/classroom_projector_slides/classroom_projector_slides_0080_9034973_201807ea.png,1,positive,classroom_projector_slides,train
positive/classroom_projector_slides/classroom_projector_slides_0086_8761330_e7443fe9.png,1,positive,classroom_projector_slides,train
positive/document_page_text/document_page_text_0084_24994812_be65e5c5.png,1,positive,document_page_text,train
positive/computer_screen_text/computer_screen_text_0063_360591_4fa11bda.png,1,positive,computer_screen_text,train
positive/powerpoint_slide/powerpoint_slide_0017_18999375_14c2a08a.png,1,positive,powerpoint_slide,train
positive/document_page_text/document_page_text_0104_34240677_fbdd2fa5.png,1,positive,document_page_text,train
positive/classroom_projector_slides/classroom_projector_slides_0072_8761301_ab20b753.png,1,positive,classroom_projector_slides,train
positive/whiteboard_writing/whiteboard_writing_0035_6937933_8788cae0.png,1,positive,whiteboard_writing,train
positive/classroom_projector_slides/classroom_projector_slides_0140_9301245_5384ee6c.png,1,positive,classroom_projector_slides,train
positive/computer_screen_text/computer_screen_text_0079_5483075_9cca5464.png,1,positive,computer_screen_text,train
positive/online_course_lecture_video/online_course_lecture_video_0006_6325954_17173aa6.png,1,positive,online_course_lecture_video,train
positive/powerpoint_slide/powerpoint_slide_0056_2678468_7eea6aa1.png,1,positive,powerpoint_slide,train
positive/computer_screen_text/computer_screen_text_0132_37755432_fed54b80.png,1,positive,computer_screen_text,train
positive/classroom_projector_slides/classroom_projector_slides_0052_20849359_e97fb825.png,1,positive,classroom_projector_slides,train
positive/whiteboard_writing/whiteboard_writing_0071_6503100_2026cd49.png,1,positive,whiteboard_writing,train
positive/flip_chart_written_notes/flip_chart_written_notes_0006_8424559_fcced055.png,1,positive,flip_chart_written_notes,train
positive/ebook_reader_tablet_text/ebook_reader_tablet_text_0009_59143_1d24151a.png,1,positive,ebook_reader_tablet_text,train
positive/document_page_text/document_page_text_0120_33229793_d8833095.png,1,positive,document_page_text,train
positive/computer_screen_text/computer_screen_text_0126_6957286_b88cf988.png,1,positive,computer_screen_text,train
positive/document_page_text/document_page_text_0053_1807091_1b34b3e2.png,1,positive,document_page_text,train
positive/whiteboard_writing/whiteboard_writing_0054_5427997_60177534.png,1,positive,whiteboard_writing,train
positive/open_textbook_pages_closeup/open_textbook_pages_closeup_0025_6801054_9051fffc.png,1,positive,open_textbook_pages_closeup,train
positive/data_dashboard_monitor/data_dashboard_monitor_0035_3970331_ad9b5a71.png,1,positive,data_dashboard_monitor,train
positive/laptop_screen_code/laptop_screen_code_0030_1933900_3b709770.png,1,positive,laptop_screen_code,train
positive/classroom_projector_slides/classroom_projector_slides_0119_5905616_892f7095.png,1,positive,classroom_projector_slides,train
positive/tablet_displaying_text_document/tablet_displaying_text_document_0006_27872190_a4a5c3cf.png,1,positive,tablet_displaying_text_document,train
positive/powerpoint_slide/powerpoint_slide_0115_13760363_00df5f60.png,1,positive,powerpoint_slide,train
positive/powerpoint_slide/powerpoint_slide_0097_33938507_b8ef11de.png,1,positive,powerpoint_slide,train
positive/document_page_text/document_page_text_0085_6873897_0e949172.png,1,positive,document_page_text,train
positive/source_code_on_monitor_closeup/source_code_on_monitor_closeup_0001_1089440_ca5dbf9f.png,1,positive,source_code_on_monitor_closeup,train
positive/sticky_notes_plan_whiteboard/sticky_notes_plan_whiteboard_0003_15505432_f18a08e2.png,1,positive,sticky_notes_plan_whiteboard,train
positive/conference_keynote_presentation/conference_keynote_presentation_0026_10401264_e6c5220a.png,1,positive,conference_keynote_presentation,train
positive/computer_screen_text/computer_screen_text_0028_2004161_b3b603e0.png,1,positive,computer_screen_text,train
positive/whiteboard_handwritten_notes_diagram/whiteboard_handwritten_notes_diagram_0015_7964167_b26ff2c9.png,1,positive,whiteboard_handwritten_notes_diagram,train
positive/open_textbook_pages_closeup/open_textbook_pages_closeup_0005_267705_cc15a48d.png,1,positive,open_textbook_pages_closeup,train
positive/computer_screen_text/computer_screen_text_0135_9830811_b02bc85f.png,1,positive,computer_screen_text,train
positive/whiteboard_writing/whiteboard_writing_0010_1181311_54e90404.png,1,positive,whiteboard_writing,train
positive/video_conference_meeting_screen/video_conference_meeting_screen_0022_4226263_6e12bfae.png,1,positive,video_conference_meeting_screen,train
positive/spreadsheet_on_computer_screen/spreadsheet_on_computer_screen_0015_6779714_1838b556.png,1,positive,spreadsheet_on_computer_screen,train
positive/classroom_projector_slides/classroom_projector_slides_0113_6340642_022fd80c.png,1,positive,classroom_projector_slides,train
positive/computer_screen_text/computer_screen_text_0102_37878823_e42b2df3.png,1,positive,computer_screen_text,train
positive/classroom_projector_slides/classroom_projector_slides_0098_6340620_65a6ff96.png,1,positive,classroom_projector_slides,train
positive/laptop_screen_code/laptop_screen_code_0009_34804016_739358d3.png,1,positive,laptop_screen_code,train
positive/conference_keynote_presentation/conference_keynote_presentation_0016_18751164_cd88d989.png,1,positive,conference_keynote_presentation,train
positive/computer_screen_text/computer_screen_text_0076_31177212_c140f611.png,1,positive,computer_screen_text,train
positive/spreadsheet_on_computer_screen/spreadsheet_on_computer_screen_0004_8296983_613c2daf.png,1,positive,spreadsheet_on_computer_screen,train
positive/classroom_projector_slides/classroom_projector_slides_0045_13537707_c5ccd3a5.png,1,positive,classroom_projector_slides,train
positive/software_terminal_screen/software_terminal_screen_0001_5380664_10329176.png,1,positive,software_terminal_screen,train
positive/powerpoint_slide/powerpoint_slide_0044_3184171_b5842a83.png,1,positive,powerpoint_slide,train
positive/laptop_screen_code/laptop_screen_code_0058_34804003_479bc4b1.png,1,positive,laptop_screen_code,train
positive/computer_screen_text/computer_screen_text_0131_7661628_af0665ad.png,1,positive,computer_screen_text,train
positive/classroom_projector_slides/classroom_projector_slides_0009_8761328_7fa12314.png,1,positive,classroom_projector_slides,train
positive/conference_keynote_presentation/conference_keynote_presentation_0001_32368859_cb6c144e.png,1,positive,conference_keynote_presentation,train
positive/document_page_text/document_page_text_0134_13637651_f15df4cc.png,1,positive,document_page_text,train
positive/lecture_hall_screen/lecture_hall_screen_0011_276175_19e8aafb.png,1,positive,lecture_hall_screen,train
positive/classroom_projector_slides/classroom_projector_slides_0067_6476783_cc19d6fb.png,1,positive,classroom_projector_slides,train
positive/software_terminal_screen/software_terminal_screen_0011_37657435_10e90e42.png,1,positive,software_terminal_screen,train
positive/laptop_screen_code/laptop_screen_code_0047_4974912_341f7cc7.png,1,positive,laptop_screen_code,train
positive/computer_screen_text/computer_screen_text_0130_34600_2a487f0b.png,1,positive,computer_screen_text,train
positive/classroom_projector_slides/classroom_projector_slides_0002_8761324_c2786342.png,1,positive,classroom_projector_slides,train
positive/online_course_lecture_video/online_course_lecture_video_0001_6326370_c991f027.png,1,positive,online_course_lecture_video,train
positive/classroom_projector_slides/classroom_projector_slides_0030_8761336_6079dc47.png,1,positive,classroom_projector_slides,train
positive/classroom_projector_slides/classroom_projector_slides_0061_6476776_77c66b51.png,1,positive,classroom_projector_slides,train
positive/computer_screen_text/computer_screen_text_0091_5223887_4a2c021e.png,1,positive,computer_screen_text,train
positive/projector_slide_screen_empty_room/projector_slide_screen_empty_room_0002_8068074_df2beebd.png,1,positive,projector_slide_screen_empty_room,train
positive/spreadsheet_on_computer_screen/spreadsheet_on_computer_screen_0032_8296985_b3e5c6d1.png,1,positive,spreadsheet_on_computer_screen,train
positive/powerpoint_slide/powerpoint_slide_0100_31855080_0f5d1458.png,1,positive,powerpoint_slide,train
positive/online_course_lecture_video/online_course_lecture_video_0025_6326374_6bd1c875.png,1,positive,online_course_lecture_video,train
positive/whiteboard_writing/whiteboard_writing_0031_15543032_62033757.png,1,positive,whiteboard_writing,train
positive/computer_screen_text/computer_screen_text_0033_16027821_a84ad74e.png,1,positive,computer_screen_text,train
positive/document_page_text/document_page_text_0100_5337734_48c6967c.png,1,positive,document_page_text,train
positive/computer_screen_text/computer_screen_text_0026_14553730_a02e7cda.png,1,positive,computer_screen_text,train
positive/tablet_displaying_text_document/tablet_displaying_text_document_0011_29377236_cbe03db6.png,1,positive,tablet_displaying_text_document,train
positive/computer_screen_text/computer_screen_text_0114_16037280_e82ada07.png,1,positive,computer_screen_text,train
positive/whiteboard_writing/whiteboard_writing_0050_5905453_64eba689.png,1,positive,whiteboard_writing,train
positive/document_page_text/document_page_text_0096_15130536_18ece8b3.png,1,positive,document_page_text,train
positive/spreadsheet_on_computer_screen/spreadsheet_on_computer_screen_0020_7873555_182f874c.png,1,positive,spreadsheet_on_computer_screen,train
positive/projector_screen_presentation/projector_screen_presentation_0044_29708240_f5803ff7.png,1,positive,projector_screen_presentation,train
positive/powerpoint_slide/powerpoint_slide_0050_6476573_c2a90e3e.png,1,positive,powerpoint_slide,train
positive/document_page_text/document_page_text_0013_10853764_d7a9abb6.png,1,positive,document_page_text,train
positive/lecture_hall_screen/lecture_hall_screen_0006_36834057_1ccd73ce.png,1,positive,lecture_hall_screen,train
positive/whiteboard_handwritten_notes_diagram/whiteboard_handwritten_notes_diagram_0008_4499739_3f94ab55.png,1,positive,whiteboard_handwritten_notes_diagram,train
positive/classroom_projector_slides/classroom_projector_slides_0112_8761333_8c1eaff3.png,1,positive,classroom_projector_slides,train
positive/ebook_reader_tablet_text/ebook_reader_tablet_text_0001_844734_d73cd50f.png,1,positive,ebook_reader_tablet_text,train
positive/classroom_projector_slides/classroom_projector_slides_0105_6340643_2a9cf892.png,1,positive,classroom_projector_slides,train
positive/coding_tutorial_laptop/coding_tutorial_laptop_0001_34804007_825c14ea.png,1,positive,coding_tutorial_laptop,train
positive/powerpoint_slide/powerpoint_slide_0068_5194125_0d83b9ae.png,1,positive,powerpoint_slide,train
positive/powerpoint_slide/powerpoint_slide_0132_8556217_e68a6e5a.png,1,positive,powerpoint_slide,train
positive/scientific_poster_session/scientific_poster_session_0001_2399035_645c85ec.png,1,positive,scientific_poster_session,train
positive/classroom_projector_slides/classroom_projector_slides_0068_9034760_afa252f6.png,1,positive,classroom_projector_slides,train
positive/online_course_lecture_video/online_course_lecture_video_0008_6325968_892514e2.png,1,positive,online_course_lecture_video,train
positive/computer_screen_text/computer_screen_text_0068_33607952_9b103d9f.png,1,positive,computer_screen_text,train
positive/laptop_screen_code/laptop_screen_code_0013_12902862_0cc461d6.png,1,positive,laptop_screen_code,train
positive/classroom_projector_slides/classroom_projector_slides_0045_6340653_2195c507.png,1,positive,classroom_projector_slides,train
positive/classroom_projector_slides/classroom_projector_slides_0020_10127243_f49761f5.png,1,positive,classroom_projector_slides,train
positive/data_dashboard_monitor/data_dashboard_monitor_0032_36496955_7261f5a8.png,1,positive,data_dashboard_monitor,train
positive/classroom_projector_slides/classroom_projector_slides_0056_16730703_2486c3cf.png,1,positive,classroom_projector_slides,train
positive/tablet_displaying_text_document/tablet_displaying_text_document_0013_8919506_5e277a9b.png,1,positive,tablet_displaying_text_document,train
positive/whiteboard_writing/whiteboard_writing_0065_17713791_b4f230d1.png,1,positive,whiteboard_writing,train
positive/online_course_lecture_video/online_course_lecture_video_0009_6325963_dcc00eaf.png,1,positive,online_course_lecture_video,train
positive/sticky_notes_plan_whiteboard/sticky_notes_plan_whiteboard_0011_7793103_1b7ac5a2.png,1,positive,sticky_notes_plan_whiteboard,train
positive/video_conference_meeting_screen/video_conference_meeting_screen_0016_6285285_b5de0c06.png,1,positive,video_conference_meeting_screen,train
positive/laptop_screen_code/laptop_screen_code_0024_6424588_bbdab6b2.png,1,positive,laptop_screen_code,train
positive/document_page_text/document_page_text_0026_8944595_30df049a.png,1,positive,document_page_text,train
positive/presentation_slide_screen_closeup/presentation_slide_screen_closeup_0005_4007745_53191b0e.png,1,positive,presentation_slide_screen_closeup,train
positive/spreadsheet_on_computer_screen/spreadsheet_on_computer_screen_0010_33175649_100f27fd.png,1,positive,spreadsheet_on_computer_screen,train
positive/online_course_lecture_video/online_course_lecture_video_0024_9040544_bd57fc0c.png,1,positive,online_course_lecture_video,train
positive/classroom_projector_slides/classroom_projector_slides_0015_6150530_7dd7b26e.png,1,positive,classroom_projector_slides,train
positive/whiteboard_writing/whiteboard_writing_0026_7989087_a0c964c4.png,1,positive,whiteboard_writing,train
positive/conference_keynote_presentation/conference_keynote_presentation_0020_9727921_3e2a5326.png,1,positive,conference_keynote_presentation,train
positive/computer_screen_text/computer_screen_text_0052_9858906_79c2d3e4.png,1,positive,computer_screen_text,train
positive/laptop_screen_code/laptop_screen_code_0027_1181675_cdb393bd.png,1,positive,laptop_screen_code,train
positive/tablet_displaying_text_document/tablet_displaying_text_document_0001_6913227_c7832e62.png,1,positive,tablet_displaying_text_document,train
positive/scientific_poster_session/scientific_poster_session_0016_8113506_90c3978c.png,1,positive,scientific_poster_session,train
positive/computer_screen_text/computer_screen_text_0006_6424591_38bf9820.png,1,positive,computer_screen_text,train
positive/tablet_displaying_text_document/tablet_displaying_text_document_0012_7550453_7fd60016.png,1,positive,tablet_displaying_text_document,train
positive/projector_screen_presentation/projector_screen_presentation_0062_15141491_41536d7b.png,1,positive,projector_screen_presentation,train
positive/sticky_notes_plan_whiteboard/sticky_notes_plan_whiteboard_0009_7430327_d443d4bd.png,1,positive,sticky_notes_plan_whiteboard,train
positive/classroom_projector_slides/classroom_projector_slides_0058_8466718_5d5ea0a9.png,1,positive,classroom_projector_slides,train
positive/computer_screen_text/computer_screen_text_0090_34804017_95868bfe.png,1,positive,computer_screen_text,train
positive/spreadsheet_on_computer_screen/spreadsheet_on_computer_screen_0024_8297058_f576bb68.png,1,positive,spreadsheet_on_computer_screen,train
positive/laptop_screen_code/laptop_screen_code_0060_12899158_28f95b62.png,1,positive,laptop_screen_code,train
positive/webinar_presentation_screen/webinar_presentation_screen_0014_8370428_4b6a9a17.png,1,positive,webinar_presentation_screen,train
positive/spreadsheet_on_computer_screen/spreadsheet_on_computer_screen_0005_35273151_2408ecaa.png,1,positive,spreadsheet_on_computer_screen,train
positive/laptop_screen_code/laptop_screen_code_0067_12899188_762b19eb.png,1,positive,laptop_screen_code,train
positive/document_page_text/document_page_text_0037_34417902_3795ecc4.png,1,positive,document_page_text,train
positive/whiteboard_writing/whiteboard_writing_0044_8547671_979638fc.png,1,positive,whiteboard_writing,train
positive/ebook_reader_tablet_text/ebook_reader_tablet_text_0012_1475290_0810294e.png,1,positive,ebook_reader_tablet_text,train
positive/document_page_text/document_page_text_0116_5257934_6bac3799.png,1,positive,document_page_text,train
positive/computer_screen_text/computer_screen_text_0027_92905_159dfc1e.png,1,positive,computer_screen_text,train
positive/document_page_text/document_page_text_0021_14662728_2360df80.png,1,positive,document_page_text,train
positive/powerpoint_slide/powerpoint_slide_0103_8761527_a62e0012.png,1,positive,powerpoint_slide,train
positive/computer_screen_text/computer_screen_text_0001_27427258_daa3657c.png,1,positive,computer_screen_text,train
positive/whiteboard_writing/whiteboard_writing_0014_5905965_188563c7.png,1,positive,whiteboard_writing,train
positive/document_page_text/document_page_text_0069_18062018_d8a7e3f6.png,1,positive,document_page_text,train
positive/lecture_hall_screen/lecture_hall_screen_0008_29708256_e5e4b7a5.png,1,positive,lecture_hall_screen,train
positive/document_page_text/document_page_text_0112_27540172_1b1621db.png,1,positive,document_page_text,train
positive/classroom_projector_slides/classroom_projector_slides_0088_8761323_ab65e5f2.png,1,positive,classroom_projector_slides,train
positive/webinar_presentation_screen/webinar_presentation_screen_0019_7222867_eb6ff81c.png,1,positive,webinar_presentation_screen,train
positive/ebook_reader_tablet_text/ebook_reader_tablet_text_0031_33168437_9f71ee6f.png,1,positive,ebook_reader_tablet_text,train
positive/powerpoint_slide/powerpoint_slide_0138_9034249_2fe94cd9.png,1,positive,powerpoint_slide,train
positive/online_course_lecture_video/online_course_lecture_video_0030_6325984_35dd27b0.png,1,positive,online_course_lecture_video,train
positive/laptop_screen_code/laptop_screen_code_0069_136320_37556b73.png,1,positive,laptop_screen_code,train
positive/sticky_notes_plan_whiteboard/sticky_notes_plan_whiteboard_0022_15543113_4fe065b1.png,1,positive,sticky_notes_plan_whiteboard,train
positive/document_page_text/document_page_text_0113_7610757_71801bea.png,1,positive,document_page_text,train
positive/computer_screen_text/computer_screen_text_0030_10845119_13f01a93.png,1,positive,computer_screen_text,train
positive/tablet_displaying_text_document/tablet_displaying_text_document_0009_3805979_8d35d3bb.png,1,positive,tablet_displaying_text_document,train
positive/powerpoint_slide/powerpoint_slide_0120_6476576_602fa58d.png,1,positive,powerpoint_slide,train
positive/classroom_projector_slides/classroom_projector_slides_0116_159805_e76f4310.png,1,positive,classroom_projector_slides,train
positive/document_page_text/document_page_text_0042_7821581_ae533b69.png,1,positive,document_page_text,train
positive/computer_screen_text/computer_screen_text_0089_37227160_da52a0d9.png,1,positive,computer_screen_text,train
positive/document_page_text/document_page_text_0030_23021413_87f4ce9f.png,1,positive,document_page_text,train
positive/classroom_projector_slides/classroom_projector_slides_0060_6476784_fb63a511.png,1,positive,classroom_projector_slides,train
positive/online_course_lecture_video/online_course_lecture_video_0012_6325957_07789cc0.png,1,positive,online_course_lecture_video,train
positive/whiteboard_writing/whiteboard_writing_0060_1181537_ca5cf62a.png,1,positive,whiteboard_writing,train
positive/data_dashboard_monitor/data_dashboard_monitor_0034_5833747_e20f9b56.png,1,positive,data_dashboard_monitor,train
positive/webinar_presentation_screen/webinar_presentation_screen_0004_8866719_c7c3162a.png,1,positive,webinar_presentation_screen,train
positive/whiteboard_writing/whiteboard_writing_0024_6937932_84619144.png,1,positive,whiteboard_writing,train
positive/classroom_projector_slides/classroom_projector_slides_0129_35551059_4e2842a1.png,1,positive,classroom_projector_slides,train
positive/whiteboard_handwritten_notes_diagram/whiteboard_handwritten_notes_diagram_0007_7369_5d0c14f4.png,1,positive,whiteboard_handwritten_notes_diagram,train
positive/projector_screen_presentation/projector_screen_presentation_0068_8556221_ce1d356a.png,1,positive,projector_screen_presentation,train
positive/flip_chart_written_notes/flip_chart_written_notes_0015_9034992_44494396.png,1,positive,flip_chart_written_notes,train
positive/tablet_displaying_text_document/tablet_displaying_text_document_0014_7129617_5aa178c8.png,1,positive,tablet_displaying_text_document,train
positive/ebook_reader_tablet_text/ebook_reader_tablet_text_0013_5206088_7123abf4.png,1,positive,ebook_reader_tablet_text,train
positive/computer_screen_text/computer_screen_text_0098_14553706_e9b10295.png,1,positive,computer_screen_text,train
positive/powerpoint_slide/powerpoint_slide_0002_18999560_deb7c170.png,1,positive,powerpoint_slide,train
positive/whiteboard_writing/whiteboard_writing_0041_8923545_ecf25beb.png,1,positive,whiteboard_writing,train
positive/scientific_poster_session/scientific_poster_session_0002_2399033_4574cbf1.png,1,positive,scientific_poster_session,train
positive/classroom_projector_slides/classroom_projector_slides_0059_16730702_e017f2ba.png,1,positive,classroom_projector_slides,train
positive/classroom_projector_slides/classroom_projector_slides_0060_6340621_3b682a47.png,1,positive,classroom_projector_slides,train
positive/powerpoint_slide/powerpoint_slide_0063_6476567_ce959398.png,1,positive,powerpoint_slide,train
positive/document_page_text/document_page_text_0090_22710957_bae16ecc.png,1,positive,document_page_text,train
positive/ebook_reader_tablet_text/ebook_reader_tablet_text_0002_7129624_d9bebbcb.png,1,positive,ebook_reader_tablet_text,train
positive/open_textbook_pages_closeup/open_textbook_pages_closeup_0018_6958524_7629a8aa.png,1,positive,open_textbook_pages_closeup,train
positive/whiteboard_handwritten_notes_diagram/whiteboard_handwritten_notes_diagram_0013_7869094_a1334dc1.png,1,positive,whiteboard_handwritten_notes_diagram,train
positive/whiteboard_writing/whiteboard_writing_0003_7367_1316c16e.png,1,positive,whiteboard_writing,train
positive/spreadsheet_on_computer_screen/spreadsheet_on_computer_screen_0033_37671349_038ce00b.png,1,positive,spreadsheet_on_computer_screen,train
positive/classroom_projector_slides/classroom_projector_slides_0073_6476782_c4e42b78.png,1,positive,classroom_projector_slides,train
positive/computer_screen_text/computer_screen_text_0092_30530414_085a9575.png,1,positive,computer_screen_text,train
positive/ebook_reader_tablet_text/ebook_reader_tablet_text_0008_28948225_55fcd79c.png,1,positive,ebook_reader_tablet_text,train
positive/whiteboard_writing/whiteboard_writing_0009_5310566_5aff6f30.png,1,positive,whiteboard_writing,train
positive/document_page_text/document_page_text_0025_2081327_e93a2607.png,1,positive,document_page_text,train
positive/ebook_reader_tablet_text/ebook_reader_tablet_text_0018_7902687_c025e0b9.png,1,positive,ebook_reader_tablet_text,train
positive/whiteboard_handwritten_notes_diagram/whiteboard_handwritten_notes_diagram_0010_8636595_febba705.png,1,positive,whiteboard_handwritten_notes_diagram,train
positive/conference_keynote_presentation/conference_keynote_presentation_0018_17273580_8a98459b.png,1,positive,conference_keynote_presentation,train
positive/open_textbook_pages_closeup/open_textbook_pages_closeup_0007_261866_360c8afa.png,1,positive,open_textbook_pages_closeup,train
positive/classroom_projector_slides/classroom_projector_slides_0017_1708936_dc8b454d.png,1,positive,classroom_projector_slides,train
positive/computer_screen_text/computer_screen_text_0044_4955393_bfb8d2e7.png,1,positive,computer_screen_text,train
positive/tablet_displaying_text_document/tablet_displaying_text_document_0007_29619095_41ead4a3.png,1,positive,tablet_displaying_text_document,train
positive/powerpoint_slide/powerpoint_slide_0124_32074753_9ca5fe4f.png,1,positive,powerpoint_slide,train
positive/document_page_text/document_page_text_0044_8944614_7b04d842.png,1,positive,document_page_text,train
positive/classroom_projector_slides/classroom_projector_slides_0122_5427819_1fc84f12.png,1,positive,classroom_projector_slides,train
positive/computer_screen_text/computer_screen_text_0134_574087_49089812.png,1,positive,computer_screen_text,train
positive/online_course_lecture_video/online_course_lecture_video_0011_15062484_89a76f20.png,1,positive,online_course_lecture_video,train
positive/classroom_projector_slides/classroom_projector_slides_0078_11585359_befa5496.png,1,positive,classroom_projector_slides,train
positive/spreadsheet_on_computer_screen/spreadsheet_on_computer_screen_0011_8100054_2b643837.png,1,positive,spreadsheet_on_computer_screen,train
positive/conference_keynote_presentation/conference_keynote_presentation_0013_9275222_407af6d0.png,1,positive,conference_keynote_presentation,train
positive/computer_screen_text/computer_screen_text_0071_16023919_892379f9.png,1,positive,computer_screen_text,train
positive/spreadsheet_on_computer_screen/spreadsheet_on_computer_screen_0027_7857560_d314477b.png,1,positive,spreadsheet_on_computer_screen,train
positive/flip_chart_written_notes/flip_chart_written_notes_0022_7877189_3001acd4.png,1,positive,flip_chart_written_notes,train
positive/classroom_projector_slides/classroom_projector_slides_0012_18395403_f5353843.png,1,positive,classroom_projector_slides,train
positive/spreadsheet_on_computer_screen/spreadsheet_on_computer_screen_0012_6120209_468967b9.png,1,positive,spreadsheet_on_computer_screen,train
positive/tablet_displaying_text_document/tablet_displaying_text_document_0018_8731030_e00e9328.png,1,positive,tablet_displaying_text_document,train
positive/conference_keynote_presentation/conference_keynote_presentation_0022_8730783_807ec2c7.png,1,positive,conference_keynote_presentation,train
positive/whiteboard_handwritten_notes_diagram/whiteboard_handwritten_notes_diagram_0009_8837192_615dd363.png,1,positive,whiteboard_handwritten_notes_diagram,train
positive/computer_screen_text/computer_screen_text_0062_207580_e13ad060.png,1,positive,computer_screen_text,train
positive/whiteboard_writing/whiteboard_writing_0064_10376001_0613b1ac.png,1,positive,whiteboard_writing,train
positive/software_terminal_screen/software_terminal_screen_0002_5380603_2a733d7c.png,1,positive,software_terminal_screen,train
positive/document_page_text/document_page_text_0059_11425911_503ffb2e.png,1,positive,document_page_text,train
positive/whiteboard_writing/whiteboard_writing_0021_7984474_79cdcfc5.png,1,positive,whiteboard_writing,train
positive/open_textbook_pages_closeup/open_textbook_pages_closeup_0021_4069090_548a1067.png,1,positive,open_textbook_pages_closeup,train
positive/powerpoint_slide/powerpoint_slide_0131_8190815_7ab9c79f.png,1,positive,powerpoint_slide,train
positive/classroom_projector_slides/classroom_projector_slides_0097_8761540_cc363467.png,1,positive,classroom_projector_slides,train
positive/webinar_presentation_screen/webinar_presentation_screen_0013_37033879_ceb690dc.png,1,positive,webinar_presentation_screen,train
positive/computer_screen_text/computer_screen_text_0105_2061168_07e9e221.png,1,positive,computer_screen_text,train
positive/webinar_presentation_screen/webinar_presentation_screen_0015_18999167_b2ca5ff3.png,1,positive,webinar_presentation_screen,train
positive/whiteboard_handwritten_notes_diagram/whiteboard_handwritten_notes_diagram_0003_10024577_5b00a211.png,1,positive,whiteboard_handwritten_notes_diagram,train
positive/classroom_projector_slides/classroom_projector_slides_0043_8761313_e327237c.png,1,positive,classroom_projector_slides,train
positive/powerpoint_slide/powerpoint_slide_0134_9034994_b6b61a5f.png,1,positive,powerpoint_slide,train
positive/laptop_screen_code/laptop_screen_code_0056_574073_3bf5494e.png,1,positive,laptop_screen_code,train
positive/powerpoint_slide/powerpoint_slide_0031_8192065_84f82494.png,1,positive,powerpoint_slide,train
positive/document_page_text/document_page_text_0005_17161435_fcd8521c.png,1,positive,document_page_text,train
positive/lecture_hall_screen/lecture_hall_screen_0007_5008383_f9632a24.png,1,positive,lecture_hall_screen,train
positive/document_page_text/document_page_text_0057_14458898_18e40784.png,1,positive,document_page_text,train
positive/whiteboard_handwritten_notes_diagram/whiteboard_handwritten_notes_diagram_0011_3861970_97317e12.png,1,positive,whiteboard_handwritten_notes_diagram,train
positive/document_page_text/document_page_text_0001_29116827_164c2e42.png,1,positive,document_page_text,train
positive/classroom_projector_slides/classroom_projector_slides_0089_15141524_1be1a0f2.png,1,positive,classroom_projector_slides,train
positive/computer_screen_text/computer_screen_text_0031_16027820_4a87fa05.png,1,positive,computer_screen_text,train
positive/document_page_text/document_page_text_0011_11953268_9fb81759.png,1,positive,document_page_text,train
positive/computer_screen_text/computer_screen_text_0103_1921326_a3f4335b.png,1,positive,computer_screen_text,train
positive/document_page_text/document_page_text_0022_23021410_8b45a5e3.png,1,positive,document_page_text,train
positive/powerpoint_slide/powerpoint_slide_0110_7947838_76c79a22.png,1,positive,powerpoint_slide,train
positive/tablet_displaying_text_document/tablet_displaying_text_document_0020_29619093_78456233.png,1,positive,tablet_displaying_text_document,train
positive/document_page_text/document_page_text_0128_19561462_d36447de.png,1,positive,document_page_text,train
positive/software_terminal_screen/software_terminal_screen_0003_38117127_934ef872.png,1,positive,software_terminal_screen,train
positive/powerpoint_slide/powerpoint_slide_0010_7948059_d7e2ed55.png,1,positive,powerpoint_slide,train
positive/conference_keynote_presentation/conference_keynote_presentation_0011_7648477_0a22f81a.png,1,positive,conference_keynote_presentation,train
positive/laptop_screen_code/laptop_screen_code_0080_574070_a42ed4f6.png,1,positive,laptop_screen_code,train
positive/projector_screen_presentation/projector_screen_presentation_0061_34086085_9eabec1c.png,1,positive,projector_screen_presentation,train
positive/sticky_notes_plan_whiteboard/sticky_notes_plan_whiteboard_0005_7710055_59891022.png,1,positive,sticky_notes_plan_whiteboard,train
positive/projector_screen_presentation/projector_screen_presentation_0066_28683737_63438136.png,1,positive,projector_screen_presentation,train
positive/online_course_lecture_video/online_course_lecture_video_0019_36731347_1ee93ee2.png,1,positive,online_course_lecture_video,train
positive/open_textbook_pages_closeup/open_textbook_pages_closeup_0009_256467_00fe436b.png,1,positive,open_textbook_pages_closeup,train
positive/classroom_projector_slides/classroom_projector_slides_0056_8761327_048dd0f1.png,1,positive,classroom_projector_slides,train
positive/laptop_screen_code/laptop_screen_code_0079_34803983_cc1c7b39.png,1,positive,laptop_screen_code,train
positive/ebook_reader_tablet_text/ebook_reader_tablet_text_0027_31145650_4e06cb85.png,1,positive,ebook_reader_tablet_text,train
positive/lecture_hall_screen/lecture_hall_screen_0015_3864594_10cdd43d.png,1,positive,lecture_hall_screen,train
positive/whiteboard_writing/whiteboard_writing_0080_8851602_deb027da.png,1,positive,whiteboard_writing,train
positive/document_page_text/document_page_text_0033_10986996_1d70f0ba.png,1,positive,document_page_text,train
positive/whiteboard_writing/whiteboard_writing_0005_6929201_41534ef6.png,1,positive,whiteboard_writing,train
positive/document_page_text/document_page_text_0119_5199750_cba24fde.png,1,positive,document_page_text,train
positive/scientific_poster_session/scientific_poster_session_0013_8533063_a09e0da8.png,1,positive,scientific_poster_session,train
positive/ebook_reader_tablet_text/ebook_reader_tablet_text_0010_8531176_affdcccd.png,1,positive,ebook_reader_tablet_text,train
positive/computer_screen_text/computer_screen_text_0094_3888149_f44bbf05.png,1,positive,computer_screen_text,train
positive/document_page_text/document_page_text_0140_5124915_57d25323.png,1,positive,document_page_text,train
positive/computer_screen_text/computer_screen_text_0096_6190327_a6b6c24c.png,1,positive,computer_screen_text,train
positive/laptop_screen_code/laptop_screen_code_0022_6424590_d7117ea1.png,1,positive,laptop_screen_code,train
positive/document_page_text/document_page_text_0047_7348469_a3ad774e.png,1,positive,document_page_text,train
positive/ebook_reader_tablet_text/ebook_reader_tablet_text_0034_31145642_c3fb8411.png,1,positive,ebook_reader_tablet_text,train
positive/computer_screen_text/computer_screen_text_0051_4274893_6d4749f6.png,1,positive,computer_screen_text,train
positive/laptop_screen_code/laptop_screen_code_0010_34804011_6ed09340.png,1,positive,laptop_screen_code,train
positive/video_conference_meeting_screen/video_conference_meeting_screen_0020_15399855_cb72e725.png,1,positive,video_conference_meeting_screen,train
positive/online_course_lecture_video/online_course_lecture_video_0026_6671683_1537f02a.png,1,positive,online_course_lecture_video,train
positive/powerpoint_slide/powerpoint_slide_0007_8556220_592ef6f7.png,1,positive,powerpoint_slide,train
positive/classroom_projector_slides/classroom_projector_slides_0011_9034291_a0e73f44.png,1,positive,classroom_projector_slides,train
positive/document_page_text/document_page_text_0052_6894165_c76087ee.png,1,positive,document_page_text,train
positive/document_page_text/document_page_text_0023_9572524_a87707cf.png,1,positive,document_page_text,train
positive/video_conference_meeting_screen/video_conference_meeting_screen_0029_6937859_5b513d26.png,1,positive,video_conference_meeting_screen,train
positive/whiteboard_writing/whiteboard_writing_0033_8423440_31c58445.png,1,positive,whiteboard_writing,train
positive/open_textbook_pages_closeup/open_textbook_pages_closeup_0017_1836048_f90691fc.png,1,positive,open_textbook_pages_closeup,train
positive/flip_chart_written_notes/flip_chart_written_notes_0008_8067868_32c2ab5c.png,1,positive,flip_chart_written_notes,train
positive/powerpoint_slide/powerpoint_slide_0128_15543116_ebf618af.png,1,positive,powerpoint_slide,train
positive/classroom_projector_slides/classroom_projector_slides_0121_8978622_06c7afa7.png,1,positive,classroom_projector_slides,train
positive/computer_screen_text/computer_screen_text_0045_16027824_ad4fac4a.png,1,positive,computer_screen_text,train
positive/data_dashboard_monitor/data_dashboard_monitor_0028_31650949_51aa9ace.png,1,positive,data_dashboard_monitor,train
positive/sticky_notes_plan_whiteboard/sticky_notes_plan_whiteboard_0021_7376_e998830f.png,1,positive,sticky_notes_plan_whiteboard,train
positive/computer_screen_text/computer_screen_text_0013_374560_90eae06d.png,1,positive,computer_screen_text,train
positive/flip_chart_written_notes/flip_chart_written_notes_0020_8485662_7662cfb3.png,1,positive,flip_chart_written_notes,train
positive/classroom_projector_slides/classroom_projector_slides_0078_6150527_e3cee709.png,1,positive,classroom_projector_slides,train
positive/webinar_presentation_screen/webinar_presentation_screen_0009_5905749_be2a9f58.png,1,positive,webinar_presentation_screen,train
positive/powerpoint_slide/powerpoint_slide_0001_3862386_f6cb828f.png,1,positive,powerpoint_slide,train
positive/laptop_screen_code/laptop_screen_code_0074_5474300_5033b2fc.png,1,positive,laptop_screen_code,train
positive/flip_chart_written_notes/flip_chart_written_notes_0017_15543212_c6819a08.png,1,positive,flip_chart_written_notes,train
positive/computer_screen_text/computer_screen_text_0128_7107487_90ab1408.png,1,positive,computer_screen_text,train
positive/laptop_screen_code/laptop_screen_code_0001_1181271_52381746.png,1,positive,laptop_screen_code,train
positive/powerpoint_slide/powerpoint_slide_0083_18999274_7a50898c.png,1,positive,powerpoint_slide,train
positive/powerpoint_slide/powerpoint_slide_0077_7947958_1f6fe0f2.png,1,positive,powerpoint_slide,train
positive/scientific_poster_session/scientific_poster_session_0007_3735778_35c4687b.png,1,positive,scientific_poster_session,train
positive/video_conference_meeting_screen/video_conference_meeting_screen_0011_3205403_6bc6b4c8.png,1,positive,video_conference_meeting_screen,train
positive/computer_screen_text/computer_screen_text_0078_546819_52c7bcdd.png,1,positive,computer_screen_text,train
positive/whiteboard_handwritten_notes_diagram/whiteboard_handwritten_notes_diagram_0005_7414042_9214843b.png,1,positive,whiteboard_handwritten_notes_diagram,train
positive/document_page_text/document_page_text_0086_14070894_a2bf80cc.png,1,positive,document_page_text,train
positive/whiteboard_writing/whiteboard_writing_0002_6929218_1d562fb5.png,1,positive,whiteboard_writing,train
positive/conference_keynote_presentation/conference_keynote_presentation_0028_16856349_df520128.png,1,positive,conference_keynote_presentation,train
positive/conference_keynote_presentation/conference_keynote_presentation_0025_6950141_bb19a5d1.png,1,positive,conference_keynote_presentation,train
positive/classroom_projector_slides/classroom_projector_slides_0064_6476779_5a011cf6.png,1,positive,classroom_projector_slides,train
positive/powerpoint_slide/powerpoint_slide_0104_15396235_505b01ed.png,1,positive,powerpoint_slide,train
positive/data_dashboard_monitor/data_dashboard_monitor_0007_5876546_63f1bfbb.png,1,positive,data_dashboard_monitor,train
positive/flip_chart_written_notes/flip_chart_written_notes_0004_8424567_7db8a2ba.png,1,positive,flip_chart_written_notes,train
positive/laptop_screen_code/laptop_screen_code_0007_34803990_8099dd25.png,1,positive,laptop_screen_code,train
positive/scientific_poster_session/scientific_poster_session_0015_6129872_a5176337.png,1,positive,scientific_poster_session,train
positive/scientific_poster_session/scientific_poster_session_0010_6770141_1b3c7db4.png,1,positive,scientific_poster_session,train
positive/computer_screen_text/computer_screen_text_0117_8653648_459e13cf.png,1,positive,computer_screen_text,train
positive/video_conference_meeting_screen/video_conference_meeting_screen_0018_8430314_277299b1.png,1,positive,video_conference_meeting_screen,train
positive/document_page_text/document_page_text_0066_7841822_20165052.png,1,positive,document_page_text,train
